d1,d2,d3,d4,d5,d6,d7,d8,c1,c2,c3,c4,c5,c6,c7,h
4029.439186,0.0,2788.98275,0.0,0.0,0.0,0.0,5589.792219,0,0,0,0,2,0,0,2
0.0,4029.439186,0.0,2788.98275,0.0,0.0,0.0,0.0,0,0,0,2,0,0,2,0
0.0,0.0,4029.439186,0.0,2788.98275,0.0,0.0,0.0,0,0,2,0,0,2,0,0
0.0,0.0,0.0,4029.439186,0.0,2788.98275,0.0,0.0,0,2,0,0,2,0,0,0
0.0,0.0,0.0,0.0,4029.439186,0.0,2788.98275,0.0,2,0,0,2,0,0,0,0
0.0,0.0,0.0,0.0,0.0,4029.439186,0.0,2788.98275,0,0,2,0,0,0,0,0
0.0,0.0,0.0,0.0,0.0,0.0,4029.439186,0.0,0,2,0,0,0,0,0,2
0.0,0.0,0.0,0.0,0.0,0.0,0.0,4029.439186,2,0,0,0,0,0,2,2
0.0,0.0,0.0,0.0,0.0,0.0,0.0,0.0,0,0,0,0,0,2,2,0
0.0,0.0,0.0,0.0,0.0,0.0,0.0,0.0,0,0,0,0,2,2,0,0
0.0,0.0,0.0,0.0,0.0,0.0,0.0,0.0,0,0,0,2,2,0,0,0
0.0,0.0,0.0,0.0,0.0,0.0,0.0,0.0,0,0,2,2,0,0,0,0
4253.529065,0.0,0.0,0.0,0.0,0.0,0.0,0.0,0,2,2,0,0,0,0,2
0.0,4253.529065,0.0,0.0,0.0,0.0,0.0,0.0,2,2,0,0,0,0,2,2
0.0,0.0,4253.529065,0.0,0.0,0.0,0.0,0.0,2,0,0,0,0,2,2,0
0.0,0.0,0.0,4253.529065,0.0,0.0,0.0,0.0,0,0,0,0,2,2,0,0
0.0,0.0,0.0,0.0,4253.529065,0.0,0.0,0.0,0,0,0,2,2,0,0,0
0.0,0.0,0.0,0.0,0.0,4253.529065,0.0,0.0,0,0,2,2,0,0,0,0
0.0,0.0,0.0,0.0,0.0,0.0,4253.529065,0.0,0,2,2,0,0,0,0,0
0.0,0.0,0.0,0.0,0.0,0.0,0.0,4253.529065,2,2,0,0,0,0,0,0
0.0,0.0,0.0,0.0,0.0,0.0,0.0,0.0,2,0,0,0,0,0,0,2
0.0,0.0,0.0,0.0,0.0,0.0,0.0,0.0,0,0,0,0,0,0,2,0
8268.258838,0.0,0.0,0.0,0.0,0.0,0.0,0.0,0,0,0,0,0,2,0,0
0.0,8268.258838,0.0,0.0,0.0,0.0,0.0,0.0,0,0,0,0,2,0,0,0
3674.530847,0.0,8268.258838,0.0,0.0,0.0,0.0,0.0,0,0,0,2,0,0,0,2
0.0,3674.530847,0.0,8268.258838,0.0,0.0,0.0,0.0,0,0,2,0,0,0,2,0
0.0,0.0,3674.530847,0.0,8268.258838,0.0,0.0,0.0,0,2,0,0,0,2,0,0
5601.53083,0.0,0.0,3674.530847,0.0,8268.258838,0.0,0.0,2,0,0,0,2,0,0,2
0.0,5601.53083,0.0,0.0,3674.530847,0.0,8268.258838,0.0,0,0,0,2,0,0,2,0
0.0,0.0,5601.53083,0.0,0.0,3674.530847,0.0,8268.258838,0,0,2,0,0,2,0,0
0.0,0.0,0.0,5601.53083,0.0,0.0,3674.530847,0.0,0,2,0,0,2,0,0,0
7366.071753,0.0,0.0,0.0,5601.53083,0.0,0.0,3674.530847,2,0,0,2,0,0,0,2
0.0,7366.071753,0.0,0.0,0.0,5601.53083,0.0,0.0,0,0,2,0,0,0,2,0
392.8730323,0.0,7366.071753,0.0,0.0,0.0,5601.53083,0.0,0,2,0,0,0,2,0,2
0.0,392.8730323,0.0,7366.071753,0.0,0.0,0.0,5601.53083,2,0,0,0,2,0,2,0
0.0,0.0,392.8730323,0.0,7366.071753,0.0,0.0,0.0,0,0,0,2,0,2,0,0
0.0,0.0,0.0,392.8730323,0.0,7366.071753,0.0,0.0,0,0,2,0,2,0,0,0
0.0,0.0,0.0,0.0,392.8730323,0.0,7366.071753,0.0,0,2,0,2,0,0,0,2
97.37997016,0.0,0.0,0.0,0.0,392.8730323,0.0,7366.071753,2,0,2,0,0,0,2,2
0.0,97.37997016,0.0,0.0,0.0,0.0,392.8730323,0.0,0,2,0,0,0,2,2,0
0.0,0.0,97.37997016,0.0,0.0,0.0,0.0,392.8730323,2,0,0,0,2,2,0,0
3257.4608,0.0,0.0,97.37997016,0.0,0.0,0.0,0.0,0,0,0,2,2,0,0,2
8185.983776,3257.4608,0.0,0.0,97.37997016,0.0,0.0,0.0,0,0,2,2,0,0,2,2
3833.628009,8185.983776,3257.4608,0.0,0.0,97.37997016,0.0,0.0,0,2,2,0,0,2,2,2
0.0,3833.628009,8185.983776,3257.4608,0.0,0.0,97.37997016,0.0,2,2,0,0,2,2,2,0
0.0,0.0,3833.628009,8185.983776,3257.4608,0.0,0.0,97.37997016,2,0,0,2,2,2,0,0
0.0,0.0,0.0,3833.628009,8185.983776,3257.4608,0.0,0.0,0,0,2,2,2,0,0,0
0.0,0.0,0.0,0.0,3833.628009,8185.983776,3257.4608,0.0,0,2,2,2,0,0,0,0
2140.667489,0.0,0.0,0.0,0.0,3833.628009,8185.983776,3257.4608,2,2,2,0,0,0,0,2
0.0,2140.667489,0.0,0.0,0.0,0.0,3833.628009,8185.983776,2,2,0,0,0,0,2,0
0.0,0.0,2140.667489,0.0,0.0,0.0,0.0,3833.628009,2,0,0,0,0,2,0,0
2576.207472,0.0,0.0,2140.667489,0.0,0.0,0.0,0.0,0,0,0,0,2,0,0,2
6945.605097,2576.207472,0.0,0.0,2140.667489,0.0,0.0,0.0,0,0,0,2,0,0,2,2
2937.01004,6945.605097,2576.207472,0.0,0.0,2140.667489,0.0,0.0,0,0,2,0,0,2,2,2
421.5040663,2937.01004,6945.605097,2576.207472,0.0,0.0,2140.667489,0.0,0,2,0,0,2,2,2,2
0.0,421.5040663,2937.01004,6945.605097,2576.207472,0.0,0.0,2140.667489,2,0,0,2,2,2,2,0
284.7288526,0.0,421.5040663,2937.01004,6945.605097,2576.207472,0.0,0.0,0,0,2,2,2,2,0,2
698.2828828,284.7288526,0.0,421.5040663,2937.01004,6945.605097,2576.207472,0.0,0,2,2,2,2,0,2,2
0.0,698.2828828,284.7288526,0.0,421.5040663,2937.01004,6945.605097,2576.207472,2,2,2,2,0,2,2,2
5113.905234,0.0,698.2828828,284.7288526,0.0,421.5040663,2937.01004,6945.605097,2,2,2,0,2,2,2,2
2477.70817,5113.905234,0.0,698.2828828,284.7288526,0.0,421.5040663,2937.01004,2,2,0,2,2,2,2,2
2048.177763,2477.70817,5113.905234,0.0,698.2828828,284.7288526,0.0,421.5040663,2,0,2,2,2,2,2,2
2489.969765,2048.177763,2477.70817,5113.905234,0.0,698.2828828,284.7288526,0.0,0,2,2,2,2,2,2,2
2038.783578,2489.969765,2048.177763,2477.70817,5113.905234,0.0,698.2828828,284.7288526,2,2,2,2,2,2,2,2
2201.905993,2038.783578,2489.969765,2048.177763,2477.70817,5113.905234,0.0,698.2828828,2,2,2,2,2,2,2,2
2537.545407,2201.905993,2038.783578,2489.969765,2048.177763,2477.70817,5113.905234,0.0,2,2,2,2,2,2,2,2
4513.275017,2537.545407,2201.905993,2038.783578,2489.969765,2048.177763,2477.70817,5113.905234,2,2,2,2,2,2,2,2
0.0,4513.275017,2537.545407,2201.905993,2038.783578,2489.969765,2048.177763,2477.70817,2,2,2,2,2,2,2,0
651.6271073,0.0,4513.275017,2537.545407,2201.905993,2038.783578,2489.969765,2048.177763,2,2,2,2,2,2,0,2
3706.228434,651.6271073,0.0,4513.275017,2537.545407,2201.905993,2038.783578,2489.969765,2,2,2,2,2,0,2,2
1958.832206,3706.228434,651.6271073,0.0,4513.275017,2537.545407,2201.905993,2038.783578,2,2,2,2,0,2,2,2
806.8378245,1958.832206,3706.228434,651.6271073,0.0,4513.275017,2537.545407,2201.905993,2,2,2,0,2,2,2,2
0.0,806.8378245,1958.832206,3706.228434,651.6271073,0.0,4513.275017,2537.545407,2,2,0,2,2,2,2,0
0.0,0.0,806.8378245,1958.832206,3706.228434,651.6271073,0.0,4513.275017,2,0,2,2,2,2,0,0
0.0,0.0,0.0,806.8378245,1958.832206,3706.228434,651.6271073,0.0,0,2,2,2,2,0,0,2
0.0,0.0,0.0,0.0,806.8378245,1958.832206,3706.228434,651.6271073,2,2,2,2,0,0,2,0
351.9841956,0.0,0.0,0.0,0.0,806.8378245,1958.832206,3706.228434,2,2,2,0,0,2,0,2
3463.144196,351.9841956,0.0,0.0,0.0,0.0,806.8378245,1958.832206,2,2,0,0,2,0,2,2
0.0,3463.144196,351.9841956,0.0,0.0,0.0,0.0,806.8378245,2,0,0,2,0,2,2,2
4467.213586,0.0,3463.144196,351.9841956,0.0,0.0,0.0,0.0,0,0,2,0,2,2,2,2
246.1903678,4467.213586,0.0,3463.144196,351.9841956,0.0,0.0,0.0,0,2,0,2,2,2,2,2
0.0,246.1903678,4467.213586,0.0,3463.144196,351.9841956,0.0,0.0,2,0,2,2,2,2,2,0
1682.581827,0.0,246.1903678,4467.213586,0.0,3463.144196,351.9841956,0.0,0,2,2,2,2,2,0,2
563.1793347,1682.581827,0.0,246.1903678,4467.213586,0.0,3463.144196,351.9841956,2,2,2,2,2,0,2,2
705.2033917,563.1793347,1682.581827,0.0,246.1903678,4467.213586,0.0,3463.144196,2,2,2,2,0,2,2,2
0.0,705.2033917,563.1793347,1682.581827,0.0,246.1903678,4467.213586,0.0,2,2,2,0,2,2,2,2
0.0,0.0,705.2033917,563.1793347,1682.581827,0.0,246.1903678,4467.213586,2,2,0,2,2,2,2,0
47.30931445,0.0,0.0,705.2033917,563.1793347,1682.581827,0.0,246.1903678,2,0,2,2,2,2,0,2
2273.652064,47.30931445,0.0,0.0,705.2033917,563.1793347,1682.581827,0.0,0,2,2,2,2,0,2,2
0.0,2273.652064,47.30931445,0.0,0.0,705.2033917,563.1793347,1682.581827,2,2,2,2,0,2,2,0
374.7668015,0.0,2273.652064,47.30931445,0.0,0.0,705.2033917,563.1793347,2,2,2,0,2,2,0,2
4055.340531,374.7668015,0.0,2273.652064,47.30931445,0.0,0.0,705.2033917,2,2,0,2,2,0,2,2
0.0,4055.340531,374.7668015,0.0,2273.652064,47.30931445,0.0,0.0,2,0,2,2,0,2,2,0
3473.314662,0.0,4055.340531,374.7668015,0.0,2273.652064,47.30931445,0.0,0,2,2,0,2,2,0,2
307.4380596,3473.314662,0.0,4055.340531,374.7668015,0.0,2273.652064,47.30931445,2,2,0,2,2,0,2,2
1743.344921,307.4380596,3473.314662,0.0,4055.340531,374.7668015,0.0,2273.652064,2,0,2,2,0,2,2,2
0.0,1743.344921,307.4380596,3473.314662,0.0,4055.340531,374.7668015,0.0,0,2,2,0,2,2,2,2
510.5418458,0.0,1743.344921,307.4380596,3473.314662,0.0,4055.340531,374.7668015,2,2,0,2,2,2,2,2
1395.563506,510.5418458,0.0,1743.344921,307.4380596,3473.314662,0.0,4055.340531,2,0,2,2,2,2,2,2
1142.44596,1395.563506,510.5418458,0.0,1743.344921,307.4380596,3473.314662,0.0,0,2,2,2,2,2,2,2
1534.979341,1142.44596,1395.563506,510.5418458,0.0,1743.344921,307.4380596,3473.314662,2,2,2,2,2,2,2,2
0.0,1534.979341,1142.44596,1395.563506,510.5418458,0.0,1743.344921,307.4380596,2,2,2,2,2,2,2,0
1555.762813,0.0,1534.979341,1142.44596,1395.563506,510.5418458,0.0,1743.344921,2,2,2,2,2,2,0,2
379.0755168,1555.762813,0.0,1534.979341,1142.44596,1395.563506,510.5418458,0.0,2,2,2,2,2,0,2,2
1050.973191,379.0755168,1555.762813,0.0,1534.979341,1142.44596,1395.563506,510.5418458,2,2,2,2,0,2,2,2
2602.125717,1050.973191,379.0755168,1555.762813,0.0,1534.979341,1142.44596,1395.563506,2,2,2,0,2,2,2,2
3913.657236,2602.125717,1050.973191,379.0755168,1555.762813,0.0,1534.979341,1142.44596,2,2,0,2,2,2,2,2
983.6430891,3913.657236,2602.125717,1050.973191,379.0755168,1555.762813,0.0,1534.979341,2,0,2,2,2,2,2,2
0.0,983.6430891,3913.657236,2602.125717,1050.973191,379.0755168,1555.762813,0.0,0,2,2,2,2,2,2,2
2830.572389,0.0,983.6430891,3913.657236,2602.125717,1050.973191,379.0755168,1555.762813,2,2,2,2,2,2,2,2
0.0,2830.572389,0.0,983.6430891,3913.657236,2602.125717,1050.973191,379.0755168,2,2,2,2,2,2,2,0
287.0788374,0.0,2830.572389,0.0,983.6430891,3913.657236,2602.125717,1050.973191,2,2,2,2,2,2,0,2
0.0,287.0788374,0.0,2830.572389,0.0,983.6430891,3913.657236,2602.125717,2,2,2,2,2,0,2,0
0.0,0.0,287.0788374,0.0,2830.572389,0.0,983.6430891,3913.657236,2,2,2,2,0,2,0,0
327.5227174,0.0,0.0,287.0788374,0.0,2830.572389,0.0,983.6430891,2,2,2,0,2,0,0,2
0.0,327.5227174,0.0,0.0,287.0788374,0.0,2830.572389,0.0,2,2,0,2,0,0,2,0
42.94425,0.0,327.5227174,0.0,0.0,287.0788374,0.0,2830.572389,2,0,2,0,0,2,0,2
742.8994378,42.94425,0.0,327.5227174,0.0,0.0,287.0788374,0.0,0,2,0,0,2,0,2,2
470.3783483,742.8994378,42.94425,0.0,327.5227174,0.0,0.0,287.0788374,2,0,0,2,0,2,2,2
0.0,470.3783483,742.8994378,42.94425,0.0,327.5227174,0.0,0.0,0,0,2,0,2,2,2,2
475.3225851,0.0,470.3783483,742.8994378,42.94425,0.0,327.5227174,0.0,0,2,0,2,2,2,2,2
1457.410445,475.3225851,0.0,470.3783483,742.8994378,42.94425,0.0,327.5227174,2,0,2,2,2,2,2,2
3640.627759,1457.410445,475.3225851,0.0,470.3783483,742.8994378,42.94425,0.0,0,2,2,2,2,2,2,2
431.721521,3640.627759,1457.410445,475.3225851,0.0,470.3783483,742.8994378,42.94425,2,2,2,2,2,2,2,2
157.2384096,431.721521,3640.627759,1457.410445,475.3225851,0.0,470.3783483,742.8994378,2,2,2,2,2,2,2,2
18.43871184,157.2384096,431.721521,3640.627759,1457.410445,475.3225851,0.0,470.3783483,2,2,2,2,2,2,2,2
1576.976823,18.43871184,157.2384096,431.721521,3640.627759,1457.410445,475.3225851,0.0,2,2,2,2,2,2,2,2
399.6461229,1576.976823,18.43871184,157.2384096,431.721521,3640.627759,1457.410445,475.3225851,2,2,2,2,2,2,2,2
60.12281331,399.6461229,1576.976823,18.43871184,157.2384096,431.721521,3640.627759,1457.410445,2,2,2,2,2,2,2,2
0.0,60.12281331,399.6461229,1576.976823,18.43871184,157.2384096,431.721521,3640.627759,2,2,2,2,2,2,2,0
1963.736332,0.0,60.12281331,399.6461229,1576.976823,18.43871184,157.2384096,431.721521,2,2,2,2,2,2,0,2
0.0,1963.736332,0.0,60.12281331,399.6461229,1576.976823,18.43871184,157.2384096,2,2,2,2,2,0,2,0
2084.163836,0.0,1963.736332,0.0,60.12281331,399.6461229,1576.976823,18.43871184,2,2,2,2,0,2,0,1
0.0,2084.163836,0.0,1963.736332,0.0,60.12281331,399.6461229,1576.976823,2,2,2,0,2,0,1,0
236.1254913,0.0,2084.163836,0.0,1963.736332,0.0,60.12281331,399.6461229,2,2,0,2,0,1,0,2
1270.207416,236.1254913,0.0,2084.163836,0.0,1963.736332,0.0,60.12281331,2,0,2,0,1,0,2,2
147.5147013,1270.207416,236.1254913,0.0,2084.163836,0.0,1963.736332,0.0,0,2,0,1,0,2,2,2
22.61941709,147.5147013,1270.207416,236.1254913,0.0,2084.163836,0.0,1963.736332,2,0,1,0,2,2,2,2
1455.120299,22.61941709,147.5147013,1270.207416,236.1254913,0.0,2084.163836,0.0,0,1,0,2,2,2,2,2
1613.2636,1455.120299,22.61941709,147.5147013,1270.207416,236.1254913,0.0,2084.163836,1,0,2,2,2,2,2,2
776.588998,1613.2636,1455.120299,22.61941709,147.5147013,1270.207416,236.1254913,0.0,0,2,2,2,2,2,2,2
592.9900919,776.588998,1613.2636,1455.120299,22.61941709,147.5147013,1270.207416,236.1254913,2,2,2,2,2,2,2,2
711.6856187,592.9900919,776.588998,1613.2636,1455.120299,22.61941709,147.5147013,1270.207416,2,2,2,2,2,2,2,2
3039.35989,711.6856187,592.9900919,776.588998,1613.2636,1455.120299,22.61941709,147.5147013,2,2,2,2,2,2,2,2
1095.100489,3039.35989,711.6856187,592.9900919,776.588998,1613.2636,1455.120299,22.61941709,2,2,2,2,2,2,2,2
847.4431219,1095.100489,3039.35989,711.6856187,592.9900919,776.588998,1613.2636,1455.120299,2,2,2,2,2,2,2,2
0.0,847.4431219,1095.100489,3039.35989,711.6856187,592.9900919,776.588998,1613.2636,2,2,2,2,2,2,2,2
1968.334547,0.0,847.4431219,1095.100489,3039.35989,711.6856187,592.9900919,776.588998,2,2,2,2,2,2,2,2
0.0,1968.334547,0.0,847.4431219,1095.100489,3039.35989,711.6856187,592.9900919,2,2,2,2,2,2,2,2
250.4687379,0.0,1968.334547,0.0,847.4431219,1095.100489,3039.35989,711.6856187,2,2,2,2,2,2,2,2
696.2676081,250.4687379,0.0,1968.334547,0.0,847.4431219,1095.100489,3039.35989,2,2,2,2,2,2,2,2
143.8294694,696.2676081,250.4687379,0.0,1968.334547,0.0,847.4431219,1095.100489,2,2,2,2,2,2,2,2
541.8367157,143.8294694,696.2676081,250.4687379,0.0,1968.334547,0.0,847.4431219,2,2,2,2,2,2,2,2
25.45286919,541.8367157,143.8294694,696.2676081,250.4687379,0.0,1968.334547,0.0,2,2,2,2,2,2,2,2
139.4465494,25.45286919,541.8367157,143.8294694,696.2676081,250.4687379,0.0,1968.334547,2,2,2,2,2,2,2,2
13202.23989,139.4465494,25.45286919,541.8367157,143.8294694,696.2676081,250.4687379,0.0,2,2,2,2,2,2,2,1
0.0,13202.23989,139.4465494,25.45286919,541.8367157,143.8294694,696.2676081,250.4687379,2,2,2,2,2,2,1,0
206.2351233,0.0,13202.23989,139.4465494,25.45286919,541.8367157,143.8294694,696.2676081,2,2,2,2,2,1,0,2
0.0,206.2351233,0.0,13202.23989,139.4465494,25.45286919,541.8367157,143.8294694,2,2,2,2,1,0,2,0
257.7039622,0.0,206.2351233,0.0,13202.23989,139.4465494,25.45286919,541.8367157,2,2,2,1,0,2,0,2
0.0,257.7039622,0.0,206.2351233,0.0,13202.23989,139.4465494,25.45286919,2,2,1,0,2,0,2,0
0.0,0.0,257.7039622,0.0,206.2351233,0.0,13202.23989,139.4465494,2,1,0,2,0,2,0,2
572.5902678,0.0,0.0,257.7039622,0.0,206.2351233,0.0,13202.23989,1,0,2,0,2,0,2,2
3535.968024,572.5902678,0.0,0.0,257.7039622,0.0,206.2351233,0.0,0,2,0,2,0,2,2,1
0.106661874,3535.968024,572.5902678,0.0,0.0,257.7039622,0.0,206.2351233,2,0,2,0,2,2,1,2
2580.81821,0.106661874,3535.968024,572.5902678,0.0,0.0,257.7039622,0.0,0,2,0,2,2,1,2,2
2507.8391,2580.81821,0.106661874,3535.968024,572.5902678,0.0,0.0,257.7039622,2,0,2,2,1,2,2,1
1743.052142,2507.8391,2580.81821,0.106661874,3535.968024,572.5902678,0.0,0.0,0,2,2,1,2,2,1,2
95.15352844,1743.052142,2507.8391,2580.81821,0.106661874,3535.968024,572.5902678,0.0,2,2,1,2,2,1,2,2
1671.055241,95.15352844,1743.052142,2507.8391,2580.81821,0.106661874,3535.968024,572.5902678,2,1,2,2,1,2,2,2
0.0,1671.055241,95.15352844,1743.052142,2507.8391,2580.81821,0.106661874,3535.968024,1,2,2,1,2,2,2,0
2423.014575,0.0,1671.055241,95.15352844,1743.052142,2507.8391,2580.81821,0.106661874,2,2,1,2,2,2,0,2
0.0,2423.014575,0.0,1671.055241,95.15352844,1743.052142,2507.8391,2580.81821,2,1,2,2,2,0,2,2
20.34032171,0.0,2423.014575,0.0,1671.055241,95.15352844,1743.052142,2507.8391,1,2,2,2,0,2,2,2
1284.596957,20.34032171,0.0,2423.014575,0.0,1671.055241,95.15352844,1743.052142,2,2,2,0,2,2,2,2
281.5991704,1284.596957,20.34032171,0.0,2423.014575,0.0,1671.055241,95.15352844,2,2,0,2,2,2,2,2
2351.797631,281.5991704,1284.596957,20.34032171,0.0,2423.014575,0.0,1671.055241,2,0,2,2,2,2,2,2
165.0283372,2351.797631,281.5991704,1284.596957,20.34032171,0.0,2423.014575,0.0,0,2,2,2,2,2,2,2
253.8270786,165.0283372,2351.797631,281.5991704,1284.596957,20.34032171,0.0,2423.014575,2,2,2,2,2,2,2,2
0.0,253.8270786,165.0283372,2351.797631,281.5991704,1284.596957,20.34032171,0.0,2,2,2,2,2,2,2,1
5091.216892,0.0,253.8270786,165.0283372,2351.797631,281.5991704,1284.596957,20.34032171,2,2,2,2,2,2,1,1
0.0,5091.216892,0.0,253.8270786,165.0283372,2351.797631,281.5991704,1284.596957,2,2,2,2,2,1,1,0
0.0,0.0,5091.216892,0.0,253.8270786,165.0283372,2351.797631,281.5991704,2,2,2,2,1,1,0,0
259.8875526,0.0,0.0,5091.216892,0.0,253.8270786,165.0283372,2351.797631,2,2,2,1,1,0,0,2
5316.749235,259.8875526,0.0,0.0,5091.216892,0.0,253.8270786,165.0283372,2,2,1,1,0,0,2,1
0.0,5316.749235,259.8875526,0.0,0.0,5091.216892,0.0,253.8270786,2,1,1,0,0,2,1,0
0.0,0.0,5316.749235,259.8875526,0.0,0.0,5091.216892,0.0,1,1,0,0,2,1,0,0
0.0,0.0,0.0,5316.749235,259.8875526,0.0,0.0,5091.216892,1,0,0,2,1,0,0,0
0.0,0.0,0.0,0.0,5316.749235,259.8875526,0.0,0.0,0,0,2,1,0,0,0,0
3519.20948,0.0,0.0,0.0,0.0,5316.749235,259.8875526,0.0,0,2,1,0,0,0,0,2
776.1519423,3519.20948,0.0,0.0,0.0,0.0,5316.749235,259.8875526,2,1,0,0,0,0,2,2
0.0,776.1519423,3519.20948,0.0,0.0,0.0,0.0,5316.749235,1,0,0,0,0,2,2,0
417.6076037,0.0,776.1519423,3519.20948,0.0,0.0,0.0,0.0,0,0,0,0,2,2,0,2
0.0,417.6076037,0.0,776.1519423,3519.20948,0.0,0.0,0.0,0,0,0,2,2,0,2,0
1152.254124,0.0,417.6076037,0.0,776.1519423,3519.20948,0.0,0.0,0,0,2,2,0,2,0,2
1980.590788,1152.254124,0.0,417.6076037,0.0,776.1519423,3519.20948,0.0,0,2,2,0,2,0,2,1
1594.73456,1980.590788,1152.254124,0.0,417.6076037,0.0,776.1519423,3519.20948,2,2,0,2,0,2,1,2
313.8180439,1594.73456,1980.590788,1152.254124,0.0,417.6076037,0.0,776.1519423,2,0,2,0,2,1,2,2
6737.283706,313.8180439,1594.73456,1980.590788,1152.254124,0.0,417.6076037,0.0,0,2,0,2,1,2,2,1
0.0,6737.283706,313.8180439,1594.73456,1980.590788,1152.254124,0.0,417.6076037,2,0,2,1,2,2,1,0
0.0,0.0,6737.283706,313.8180439,1594.73456,1980.590788,1152.254124,0.0,0,2,1,2,2,1,0,0
2732.215046,0.0,0.0,6737.283706,313.8180439,1594.73456,1980.590788,1152.254124,2,1,2,2,1,0,0,2
2660.50912,2732.215046,0.0,0.0,6737.283706,313.8180439,1594.73456,1980.590788,1,2,2,1,0,0,2,1
1350.222969,2660.50912,2732.215046,0.0,0.0,6737.283706,313.8180439,1594.73456,2,2,1,0,0,2,1,2
0.0,1350.222969,2660.50912,2732.215046,0.0,0.0,6737.283706,313.8180439,2,1,0,0,2,1,2,0
2913.522834,0.0,1350.222969,2660.50912,2732.215046,0.0,0.0,6737.283706,1,0,0,2,1,2,0,2
1434.49332,2913.522834,0.0,1350.222969,2660.50912,2732.215046,0.0,0.0,0,0,2,1,2,0,2,2
0.0,1434.49332,2913.522834,0.0,1350.222969,2660.50912,2732.215046,0.0,0,2,1,2,0,2,2,0
371.6411329,0.0,1434.49332,2913.522834,0.0,1350.222969,2660.50912,2732.215046,2,1,2,0,2,2,0,2
9812.687616,371.6411329,0.0,1434.49332,2913.522834,0.0,1350.222969,2660.50912,1,2,0,2,2,0,2,1
2783.989179,9812.687616,371.6411329,0.0,1434.49332,2913.522834,0.0,1350.222969,2,0,2,2,0,2,1,2
695.9907445,2783.989179,9812.687616,371.6411329,0.0,1434.49332,2913.522834,0.0,0,2,2,0,2,1,2,2
83.44852617,695.9907445,2783.989179,9812.687616,371.6411329,0.0,1434.49332,2913.522834,2,2,0,2,1,2,2,2
0.0,83.44852617,695.9907445,2783.989179,9812.687616,371.6411329,0.0,1434.49332,2,0,2,1,2,2,2,0
218.07858,0.0,83.44852617,695.9907445,2783.989179,9812.687616,371.6411329,0.0,0,2,1,2,2,2,0,2
1321.995719,218.07858,0.0,83.44852617,695.9907445,2783.989179,9812.687616,371.6411329,2,1,2,2,2,0,2,2
108.3810454,1321.995719,218.07858,0.0,83.44852617,695.9907445,2783.989179,9812.687616,1,2,2,2,0,2,2,2
6.676366197,108.3810454,1321.995719,218.07858,0.0,83.44852617,695.9907445,2783.989179,2,2,2,0,2,2,2,2
1364.89714,6.676366197,108.3810454,1321.995719,218.07858,0.0,83.44852617,695.9907445,2,2,0,2,2,2,2,2
0.0,1364.89714,6.676366197,108.3810454,1321.995719,218.07858,0.0,83.44852617,2,0,2,2,2,2,2,0
2139.01795,0.0,1364.89714,6.676366197,108.3810454,1321.995719,218.07858,0.0,0,2,2,2,2,2,0,2
0.0,2139.01795,0.0,1364.89714,6.676366197,108.3810454,1321.995719,218.07858,2,2,2,2,2,0,2,0
0.0,0.0,2139.01795,0.0,1364.89714,6.676366197,108.3810454,1321.995719,2,2,2,2,0,2,0,0
1710.351813,0.0,0.0,2139.01795,0.0,1364.89714,6.676366197,108.3810454,2,2,2,0,2,0,0,2
183.2522474,1710.351813,0.0,0.0,2139.01795,0.0,1364.89714,6.676366197,2,2,0,2,0,0,2,2
0.0,183.2522474,1710.351813,0.0,0.0,2139.01795,0.0,1364.89714,2,0,2,0,0,2,2,0
0.0,0.0,183.2522474,1710.351813,0.0,0.0,2139.01795,0.0,0,2,0,0,2,2,0,0
474.1533063,0.0,0.0,183.2522474,1710.351813,0.0,0.0,2139.01795,2,0,0,2,2,0,0,2
0.0,474.1533063,0.0,0.0,183.2522474,1710.351813,0.0,0.0,0,0,2,2,0,0,2,0
118.8906541,0.0,474.1533063,0.0,0.0,183.2522474,1710.351813,0.0,0,2,2,0,0,2,0,2
0.0,118.8906541,0.0,474.1533063,0.0,0.0,183.2522474,1710.351813,2,2,0,0,2,0,2,0
0.0,0.0,118.8906541,0.0,474.1533063,0.0,0.0,183.2522474,2,0,0,2,0,2,0,0
0.0,0.0,0.0,118.8906541,0.0,474.1533063,0.0,0.0,0,0,2,0,2,0,0,0
0.0,0.0,0.0,0.0,118.8906541,0.0,474.1533063,0.0,0,2,0,2,0,0,0,2
0.0,0.0,0.0,0.0,0.0,118.8906541,0.0,474.1533063,2,0,2,0,0,0,2,0
1745.230043,0.0,0.0,0.0,0.0,0.0,118.8906541,0.0,0,2,0,0,0,2,0,1
0.0,1745.230043,0.0,0.0,0.0,0.0,0.0,118.8906541,2,0,0,0,2,0,1,0
1397.875282,0.0,1745.230043,0.0,0.0,0.0,0.0,0.0,0,0,0,2,0,1,0,2
0.0,1397.875282,0.0,1745.230043,0.0,0.0,0.0,0.0,0,0,2,0,1,0,2,0
464.7573224,0.0,1397.875282,0.0,1745.230043,0.0,0.0,0.0,0,2,0,1,0,2,0,2
0.0,464.7573224,0.0,1397.875282,0.0,1745.230043,0.0,0.0,2,0,1,0,2,0,2,2
0.0,0.0,464.7573224,0.0,1397.875282,0.0,1745.230043,0.0,0,1,0,2,0,2,2,0
199.8934901,0.0,0.0,464.7573224,0.0,1397.875282,0.0,1745.230043,1,0,2,0,2,2,0,2
6115.173267,199.8934901,0.0,0.0,464.7573224,0.0,1397.875282,0.0,0,2,0,2,2,0,2,2
0.0,6115.173267,199.8934901,0.0,0.0,464.7573224,0.0,1397.875282,2,0,2,2,0,2,2,0
0.0,0.0,6115.173267,199.8934901,0.0,0.0,464.7573224,0.0,0,2,2,0,2,2,0,0
48.01241497,0.0,0.0,6115.173267,199.8934901,0.0,0.0,464.7573224,2,2,0,2,2,0,0,2
0.0,48.01241497,0.0,0.0,6115.173267,199.8934901,0.0,0.0,2,0,2,2,0,0,2,0
0.0,0.0,48.01241497,0.0,0.0,6115.173267,199.8934901,0.0,0,2,2,0,0,2,0,2
593.2311163,0.0,0.0,48.01241497,0.0,0.0,6115.173267,199.8934901,2,2,0,0,2,0,2,2
0.0,593.2311163,0.0,0.0,48.01241497,0.0,0.0,6115.173267,2,0,0,2,0,2,2,0
32.01174268,0.0,593.2311163,0.0,0.0,48.01241497,0.0,0.0,0,0,2,0,2,2,0,2
337.4126695,32.01174268,0.0,593.2311163,0.0,0.0,48.01241497,0.0,0,2,0,2,2,0,2,2
1285.494709,337.4126695,32.01174268,0.0,593.2311163,0.0,0.0,48.01241497,2,0,2,2,0,2,2,2
0.0,1285.494709,337.4126695,32.01174268,0.0,593.2311163,0.0,0.0,0,2,2,0,2,2,2,2
0.0,0.0,1285.494709,337.4126695,32.01174268,0.0,593.2311163,0.0,2,2,0,2,2,2,2,0
442.7650163,0.0,0.0,1285.494709,337.4126695,32.01174268,0.0,593.2311163,2,0,2,2,2,2,0,2
332.4220621,442.7650163,0.0,0.0,1285.494709,337.4126695,32.01174268,0.0,0,2,2,2,2,0,2,2
0.0,332.4220621,442.7650163,0.0,0.0,1285.494709,337.4126695,32.01174268,2,2,2,2,0,2,2,0
0.0,0.0,332.4220621,442.7650163,0.0,0.0,1285.494709,337.4126695,2,2,2,0,2,2,0,2
387.2536883,0.0,0.0,332.4220621,442.7650163,0.0,0.0,1285.494709,2,2,0,2,2,0,2,2
1434.058047,387.2536883,0.0,0.0,332.4220621,442.7650163,0.0,0.0,2,0,2,2,0,2,2,2
97.97223902,1434.058047,387.2536883,0.0,0.0,332.4220621,442.7650163,0.0,0,2,2,0,2,2,2,2
0.0,97.97223902,1434.058047,387.2536883,0.0,0.0,332.4220621,442.7650163,2,2,0,2,2,2,2,2
0.0,0.0,97.97223902,1434.058047,387.2536883,0.0,0.0,332.4220621,2,0,2,2,2,2,2,0
3840.60157,0.0,0.0,97.97223902,1434.058047,387.2536883,0.0,0.0,0,2,2,2,2,2,0,1
0.0,3840.60157,0.0,0.0,97.97223902,1434.058047,387.2536883,0.0,2,2,2,2,2,0,1,0
0.0,0.0,3840.60157,0.0,0.0,97.97223902,1434.058047,387.2536883,2,2,2,2,0,1,0,2
372.0327204,0.0,0.0,3840.60157,0.0,0.0,97.97223902,1434.058047,2,2,2,0,1,0,2,2
368.4306426,372.0327204,0.0,0.0,3840.60157,0.0,0.0,97.97223902,2,2,0,1,0,2,2,2
0.0,368.4306426,372.0327204,0.0,0.0,3840.60157,0.0,0.0,2,0,1,0,2,2,2,2
239.1320275,0.0,368.4306426,372.0327204,0.0,0.0,3840.60157,0.0,0,1,0,2,2,2,2,2
0.0,239.1320275,0.0,368.4306426,372.0327204,0.0,0.0,3840.60157,1,0,2,2,2,2,2,0
34.43473451,0.0,239.1320275,0.0,368.4306426,372.0327204,0.0,0.0,0,2,2,2,2,2,0,2
0.0,34.43473451,0.0,239.1320275,0.0,368.4306426,372.0327204,0.0,2,2,2,2,2,0,2,2
135.8198461,0.0,34.43473451,0.0,239.1320275,0.0,368.4306426,372.0327204,2,2,2,2,0,2,2,2
2146.279587,135.8198461,0.0,34.43473451,0.0,239.1320275,0.0,368.4306426,2,2,2,0,2,2,2,1
0.0,2146.279587,135.8198461,0.0,34.43473451,0.0,239.1320275,0.0,2,2,0,2,2,2,1,0
370.557669,0.0,2146.279587,135.8198461,0.0,34.43473451,0.0,239.1320275,2,0,2,2,2,1,0,2
611.3213209,370.557669,0.0,2146.279587,135.8198461,0.0,34.43473451,0.0,0,2,2,2,1,0,2,1
0.0,611.3213209,370.557669,0.0,2146.279587,135.8198461,0.0,34.43473451,2,2,2,1,0,2,1,2
328.9751206,0.0,611.3213209,370.557669,0.0,2146.279587,135.8198461,0.0,2,2,1,0,2,1,2,2
1287.081122,328.9751206,0.0,611.3213209,370.557669,0.0,2146.279587,135.8198461,2,1,0,2,1,2,2,1
6051.253509,1287.081122,328.9751206,0.0,611.3213209,370.557669,0.0,2146.279587,1,0,2,1,2,2,1,1
2492.868725,6051.253509,1287.081122,328.9751206,0.0,611.3213209,370.557669,0.0,0,2,1,2,2,1,1,1
478.8635189,2492.868725,6051.253509,1287.081122,328.9751206,0.0,611.3213209,370.557669,2,1,2,2,1,1,1,1
0.0,478.8635189,2492.868725,6051.253509,1287.081122,328.9751206,0.0,611.3213209,1,2,2,1,1,1,1,0
2.33e-10,0.0,478.8635189,2492.868725,6051.253509,1287.081122,328.9751206,0.0,2,2,1,1,1,1,0,1
0.0,2.33e-10,0.0,478.8635189,2492.868725,6051.253509,1287.081122,328.9751206,2,1,1,1,1,0,1,2
0.0,0.0,2.33e-10,0.0,478.8635189,2492.868725,6051.253509,1287.081122,1,1,1,1,0,1,2,0
1368.35224,0.0,0.0,2.33e-10,0.0,478.8635189,2492.868725,6051.253509,1,1,1,0,1,2,0,2
559.2031248,1368.35224,0.0,0.0,2.33e-10,0.0,478.8635189,2492.868725,1,1,0,1,2,0,2,2
1573.017848,559.2031248,1368.35224,0.0,0.0,2.33e-10,0.0,478.8635189,1,0,1,2,0,2,2,2
360.9063986,1573.017848,559.2031248,1368.35224,0.0,0.0,2.33e-10,0.0,0,1,2,0,2,2,2,2
0.0,360.9063986,1573.017848,559.2031248,1368.35224,0.0,0.0,2.33e-10,1,2,0,2,2,2,2,0
103.9860272,0.0,360.9063986,1573.017848,559.2031248,1368.35224,0.0,0.0,2,0,2,2,2,2,0,2
2502.241385,103.9860272,0.0,360.9063986,1573.017848,559.2031248,1368.35224,0.0,0,2,2,2,2,0,2,1
1848.098434,2502.241385,103.9860272,0.0,360.9063986,1573.017848,559.2031248,1368.35224,2,2,2,2,0,2,1,2
0.0,1848.098434,2502.241385,103.9860272,0.0,360.9063986,1573.017848,559.2031248,2,2,2,0,2,1,2,0
0.0,0.0,1848.098434,2502.241385,103.9860272,0.0,360.9063986,1573.017848,2,2,0,2,1,2,0,0
0.0,0.0,0.0,1848.098434,2502.241385,103.9860272,0.0,360.9063986,2,0,2,1,2,0,0,0
204.5482612,0.0,0.0,0.0,1848.098434,2502.241385,103.9860272,0.0,0,2,1,2,0,0,0,2
248.0974401,204.5482612,0.0,0.0,0.0,1848.098434,2502.241385,103.9860272,2,1,2,0,0,0,2,2
136.4819004,248.0974401,204.5482612,0.0,0.0,0.0,1848.098434,2502.241385,1,2,0,0,0,2,2,2
0.0,136.4819004,248.0974401,204.5482612,0.0,0.0,0.0,1848.098434,2,0,0,0,2,2,2,0
1549.240134,0.0,136.4819004,248.0974401,204.5482612,0.0,0.0,0.0,0,0,0,2,2,2,0,2
68.74500584,1549.240134,0.0,136.4819004,248.0974401,204.5482612,0.0,0.0,0,0,2,2,2,0,2,2
0.0,68.74500584,1549.240134,0.0,136.4819004,248.0974401,204.5482612,0.0,0,2,2,2,0,2,2,0
0.0,0.0,68.74500584,1549.240134,0.0,136.4819004,248.0974401,204.5482612,2,2,2,0,2,2,0,0
0.0,0.0,0.0,68.74500584,1549.240134,0.0,136.4819004,248.0974401,2,2,0,2,2,0,0,0
0.0,0.0,0.0,0.0,68.74500584,1549.240134,0.0,136.4819004,2,0,2,2,0,0,0,2
0.0,0.0,0.0,0.0,0.0,68.74500584,1549.240134,0.0,0,2,2,0,0,0,2,0
0.0,0.0,0.0,0.0,0.0,0.0,68.74500584,1549.240134,2,2,0,0,0,2,0,0
601.4048879,0.0,0.0,0.0,0.0,0.0,0.0,68.74500584,2,0,0,0,2,0,0,2
527.634462,601.4048879,0.0,0.0,0.0,0.0,0.0,0.0,0,0,0,2,0,0,2,2
80.1228106,527.634462,601.4048879,0.0,0.0,0.0,0.0,0.0,0,0,2,0,0,2,2,2
5.82e-11,80.1228106,527.634462,601.4048879,0.0,0.0,0.0,0.0,0,2,0,0,2,2,2,2
0.0,5.82e-11,80.1228106,527.634462,601.4048879,0.0,0.0,0.0,2,0,0,2,2,2,2,0
550.1145197,0.0,5.82e-11,80.1228106,527.634462,601.4048879,0.0,0.0,0,0,2,2,2,2,0,2
1741.228245,550.1145197,0.0,5.82e-11,80.1228106,527.634462,601.4048879,0.0,0,2,2,2,2,0,2,1
0.0,1741.228245,550.1145197,0.0,5.82e-11,80.1228106,527.634462,601.4048879,2,2,2,2,0,2,1,2
136.1034728,0.0,1741.228245,550.1145197,0.0,5.82e-11,80.1228106,527.634462,2,2,2,0,2,1,2,2
135.9396954,136.1034728,0.0,1741.228245,550.1145197,0.0,5.82e-11,80.1228106,2,2,0,2,1,2,2,2
0.0,135.9396954,136.1034728,0.0,1741.228245,550.1145197,0.0,5.82e-11,2,0,2,1,2,2,2,0
0.0,0.0,135.9396954,136.1034728,0.0,1741.228245,550.1145197,0.0,0,2,1,2,2,2,0,2
1408.407837,0.0,0.0,135.9396954,136.1034728,0.0,1741.228245,550.1145197,2,1,2,2,2,0,2,2
331.0218731,1408.407837,0.0,0.0,135.9396954,136.1034728,0.0,1741.228245,1,2,2,2,0,2,2,2
1148.87559,331.0218731,1408.407837,0.0,0.0,135.9396954,136.1034728,0.0,2,2,2,0,2,2,2,2
199.6652309,1148.87559,331.0218731,1408.407837,0.0,0.0,135.9396954,136.1034728,2,2,0,2,2,2,2,2
0.0,199.6652309,1148.87559,331.0218731,1408.407837,0.0,0.0,135.9396954,2,0,2,2,2,2,2,0
270.6222807,0.0,199.6652309,1148.87559,331.0218731,1408.407837,0.0,0.0,0,2,2,2,2,2,0,2
62.75435492,270.6222807,0.0,199.6652309,1148.87559,331.0218731,1408.407837,0.0,2,2,2,2,2,0,2,2
0.0,62.75435492,270.6222807,0.0,199.6652309,1148.87559,331.0218731,1408.407837,2,2,2,2,0,2,2,2
0.0,0.0,62.75435492,270.6222807,0.0,199.6652309,1148.87559,331.0218731,2,2,2,0,2,2,2,0
0.0,0.0,0.0,62.75435492,270.6222807,0.0,199.6652309,1148.87559,2,2,0,2,2,2,0,2
78.83924078,0.0,0.0,0.0,62.75435492,270.6222807,0.0,199.6652309,2,0,2,2,2,0,2,2
2028.357865,78.83924078,0.0,0.0,0.0,62.75435492,270.6222807,0.0,0,2,2,2,0,2,2,1
659.1305668,2028.357865,78.83924078,0.0,0.0,0.0,62.75435492,270.6222807,2,2,2,0,2,2,1,1
174.198347,659.1305668,2028.357865,78.83924078,0.0,0.0,0.0,62.75435492,2,2,0,2,2,1,1,2
108.3470504,174.198347,659.1305668,2028.357865,78.83924078,0.0,0.0,0.0,2,0,2,2,1,1,2,2
0.0,108.3470504,174.198347,659.1305668,2028.357865,78.83924078,0.0,0.0,0,2,2,1,1,2,2,2
505.1749196,0.0,108.3470504,174.198347,659.1305668,2028.357865,78.83924078,0.0,2,2,1,1,2,2,2,1
1198.916652,505.1749196,0.0,108.3470504,174.198347,659.1305668,2028.357865,78.83924078,2,1,1,2,2,2,1,2
30.5788376,1198.916652,505.1749196,0.0,108.3470504,174.198347,659.1305668,2028.357865,1,1,2,2,2,1,2,2
279.8446272,30.5788376,1198.916652,505.1749196,0.0,108.3470504,174.198347,659.1305668,1,2,2,2,1,2,2,2
242.9690903,279.8446272,30.5788376,1198.916652,505.1749196,0.0,108.3470504,174.198347,2,2,2,1,2,2,2,2
0.0,242.9690903,279.8446272,30.5788376,1198.916652,505.1749196,0.0,108.3470504,2,2,1,2,2,2,2,2
0.0,0.0,242.9690903,279.8446272,30.5788376,1198.916652,505.1749196,0.0,2,1,2,2,2,2,2,0
22.9546261,0.0,0.0,242.9690903,279.8446272,30.5788376,1198.916652,505.1749196,1,2,2,2,2,2,0,2
426.3624791,22.9546261,0.0,0.0,242.9690903,279.8446272,30.5788376,1198.916652,2,2,2,2,2,0,2,2
278.1012572,426.3624791,22.9546261,0.0,0.0,242.9690903,279.8446272,30.5788376,2,2,2,2,0,2,2,2
0.0,278.1012572,426.3624791,22.9546261,0.0,0.0,242.9690903,279.8446272,2,2,2,0,2,2,2,0
1465.59977,0.0,278.1012572,426.3624791,22.9546261,0.0,0.0,242.9690903,2,2,0,2,2,2,0,2
0.0,1465.59977,0.0,278.1012572,426.3624791,22.9546261,0.0,0.0,2,0,2,2,2,0,2,2
66.79810757,0.0,1465.59977,0.0,278.1012572,426.3624791,22.9546261,0.0,0,2,2,2,0,2,2,2
519.2007674,66.79810757,0.0,1465.59977,0.0,278.1012572,426.3624791,22.9546261,2,2,2,0,2,2,2,2
165.9037248,519.2007674,66.79810757,0.0,1465.59977,0.0,278.1012572,426.3624791,2,2,0,2,2,2,2,2
244.6558665,165.9037248,519.2007674,66.79810757,0.0,1465.59977,0.0,278.1012572,2,0,2,2,2,2,2,1
0.0,244.6558665,165.9037248,519.2007674,66.79810757,0.0,1465.59977,0.0,0,2,2,2,2,2,1,2
48.63552831,0.0,244.6558665,165.9037248,519.2007674,66.79810757,0.0,1465.59977,2,2,2,2,2,1,2,2
0.0,48.63552831,0.0,244.6558665,165.9037248,519.2007674,66.79810757,0.0,2,2,2,2,1,2,2,0
47.20918427,0.0,48.63552831,0.0,244.6558665,165.9037248,519.2007674,66.79810757,2,2,2,1,2,2,0,2
0.0,47.20918427,0.0,48.63552831,0.0,244.6558665,165.9037248,519.2007674,2,2,1,2,2,0,2,2
45.29693131,0.0,47.20918427,0.0,48.63552831,0.0,244.6558665,165.9037248,2,1,2,2,0,2,2,2
0.0,45.29693131,0.0,47.20918427,0.0,48.63552831,0.0,244.6558665,1,2,2,0,2,2,2,0
0.0,0.0,45.29693131,0.0,47.20918427,0.0,48.63552831,0.0,2,2,0,2,2,2,0,0
25.11483908,0.0,0.0,45.29693131,0.0,47.20918427,0.0,48.63552831,2,0,2,2,2,0,0,2
36.31078153,25.11483908,0.0,0.0,45.29693131,0.0,47.20918427,0.0,0,2,2,2,0,0,2,2
0.0,36.31078153,25.11483908,0.0,0.0,45.29693131,0.0,47.20918427,2,2,2,0,0,2,2,0
332.0600834,0.0,36.31078153,25.11483908,0.0,0.0,45.29693131,0.0,2,2,0,0,2,2,0,2
0.0,332.0600834,0.0,36.31078153,25.11483908,0.0,0.0,45.29693131,2,0,0,2,2,0,2,0
0.0,0.0,332.0600834,0.0,36.31078153,25.11483908,0.0,0.0,0,0,2,2,0,2,0,0
0.0,0.0,0.0,332.0600834,0.0,36.31078153,25.11483908,0.0,0,2,2,0,2,0,0,0
0.0,0.0,0.0,0.0,332.0600834,0.0,36.31078153,25.11483908,2,2,0,2,0,0,0,0
1442.733479,0.0,0.0,0.0,0.0,332.0600834,0.0,36.31078153,2,0,2,0,0,0,0,1
0.0,1442.733479,0.0,0.0,0.0,0.0,332.0600834,0.0,0,2,0,0,0,0,1,0
0.0,0.0,1442.733479,0.0,0.0,0.0,0.0,332.0600834,2,0,0,0,0,1,0,0
0.0,0.0,0.0,1442.733479,0.0,0.0,0.0,0.0,0,0,0,0,1,0,0,0
482.3530907,0.0,0.0,0.0,1442.733479,0.0,0.0,0.0,0,0,0,1,0,0,0,1
0.0,482.3530907,0.0,0.0,0.0,1442.733479,0.0,0.0,0,0,1,0,0,0,1,0
0.0,0.0,482.3530907,0.0,0.0,0.0,1442.733479,0.0,0,1,0,0,0,1,0,0
0.0,0.0,0.0,482.3530907,0.0,0.0,0.0,1442.733479,1,0,0,0,1,0,0,0
0.0,0.0,0.0,0.0,482.3530907,0.0,0.0,0.0,0,0,0,1,0,0,0,0
309.4960407,0.0,0.0,0.0,0.0,482.3530907,0.0,0.0,0,0,1,0,0,0,0,2
211.3318022,309.4960407,0.0,0.0,0.0,0.0,482.3530907,0.0,0,1,0,0,0,0,2,1
0.0,211.3318022,309.4960407,0.0,0.0,0.0,0.0,482.3530907,1,0,0,0,0,2,1,0
1259.478838,0.0,211.3318022,309.4960407,0.0,0.0,0.0,0.0,0,0,0,0,2,1,0,1
8.021144,1259.478838,0.0,211.3318022,309.4960407,0.0,0.0,0.0,0,0,0,2,1,0,1,2
1219.617305,8.021144,1259.478838,0.0,211.3318022,309.4960407,0.0,0.0,0,0,2,1,0,1,2,2
0.0,1219.617305,8.021144,1259.478838,0.0,211.3318022,309.4960407,0.0,0,2,1,0,1,2,2,2
74.27709491,0.0,1219.617305,8.021144,1259.478838,0.0,211.3318022,309.4960407,2,1,0,1,2,2,2,2
417.6597045,74.27709491,0.0,1219.617305,8.021144,1259.478838,0.0,211.3318022,1,0,1,2,2,2,2,2
0.0,417.6597045,74.27709491,0.0,1219.617305,8.021144,1259.478838,0.0,0,1,2,2,2,2,2,0
0.0,0.0,417.6597045,74.27709491,0.0,1219.617305,8.021144,1259.478838,1,2,2,2,2,2,0,0
0.0,0.0,0.0,417.6597045,74.27709491,0.0,1219.617305,8.021144,2,2,2,2,2,0,0,0
167.9189482,0.0,0.0,0.0,417.6597045,74.27709491,0.0,1219.617305,2,2,2,2,0,0,0,1
1321.947489,167.9189482,0.0,0.0,0.0,417.6597045,74.27709491,0.0,2,2,2,0,0,0,1,2
0.0,1321.947489,167.9189482,0.0,0.0,0.0,417.6597045,74.27709491,2,2,0,0,0,1,2,2
1464.449185,0.0,1321.947489,167.9189482,0.0,0.0,0.0,417.6597045,2,0,0,0,1,2,2,1
0.0,1464.449185,0.0,1321.947489,167.9189482,0.0,0.0,0.0,0,0,0,1,2,2,1,0
78.23492878,0.0,1464.449185,0.0,1321.947489,167.9189482,0.0,0.0,0,0,1,2,2,1,0,2
0.0,78.23492878,0.0,1464.449185,0.0,1321.947489,167.9189482,0.0,0,1,2,2,1,0,2,0
0.0,0.0,78.23492878,0.0,1464.449185,0.0,1321.947489,167.9189482,1,2,2,1,0,2,0,0
0.0,0.0,0.0,78.23492878,0.0,1464.449185,0.0,1321.947489,2,2,1,0,2,0,0,0
0.0,0.0,0.0,0.0,78.23492878,0.0,1464.449185,0.0,2,1,0,2,0,0,0,0
32.26564467,0.0,0.0,0.0,0.0,78.23492878,0.0,1464.449185,1,0,2,0,0,0,0,2
0.0,32.26564467,0.0,0.0,0.0,0.0,78.23492878,0.0,0,2,0,0,0,0,2,2
498.4608033,0.0,32.26564467,0.0,0.0,0.0,0.0,78.23492878,2,0,0,0,0,2,2,2
0.0,498.4608033,0.0,32.26564467,0.0,0.0,0.0,0.0,0,0,0,0,2,2,2,0
0.0,0.0,498.4608033,0.0,32.26564467,0.0,0.0,0.0,0,0,0,2,2,2,0,0
24.41802388,0.0,0.0,498.4608033,0.0,32.26564467,0.0,0.0,0,0,2,2,2,0,0,2
300.4250915,24.41802388,0.0,0.0,498.4608033,0.0,32.26564467,0.0,0,2,2,2,0,0,2,2
0.0,300.4250915,24.41802388,0.0,0.0,498.4608033,0.0,32.26564467,2,2,2,0,0,2,2,0
49.32199728,0.0,300.4250915,24.41802388,0.0,0.0,498.4608033,0.0,2,2,0,0,2,2,0,2
368.7708866,49.32199728,0.0,300.4250915,24.41802388,0.0,0.0,498.4608033,2,0,0,2,2,0,2,1
24.08606784,368.7708866,49.32199728,0.0,300.4250915,24.41802388,0.0,0.0,0,0,2,2,0,2,1,2
37.0540293,24.08606784,368.7708866,49.32199728,0.0,300.4250915,24.41802388,0.0,0,2,2,0,2,1,2,2
0.0,37.0540293,24.08606784,368.7708866,49.32199728,0.0,300.4250915,24.41802388,2,2,0,2,1,2,2,0
0.0,0.0,37.0540293,24.08606784,368.7708866,49.32199728,0.0,300.4250915,2,0,2,1,2,2,0,0
0.0,0.0,0.0,37.0540293,24.08606784,368.7708866,49.32199728,0.0,0,2,1,2,2,0,0,0
0.0,0.0,0.0,0.0,37.0540293,24.08606784,368.7708866,49.32199728,2,1,2,2,0,0,0,0
194.7934799,0.0,0.0,0.0,0.0,37.0540293,24.08606784,368.7708866,1,2,2,0,0,0,0,1
27.53294204,194.7934799,0.0,0.0,0.0,0.0,37.0540293,24.08606784,2,2,0,0,0,0,1,2
1163.93381,27.53294204,194.7934799,0.0,0.0,0.0,0.0,37.0540293,2,0,0,0,0,1,2,2
1449.905201,1163.93381,27.53294204,194.7934799,0.0,0.0,0.0,0.0,0,0,0,0,1,2,2,2
0.0,1449.905201,1163.93381,27.53294204,194.7934799,0.0,0.0,0.0,0,0,0,1,2,2,2,0
1191.11915,0.0,1449.905201,1163.93381,27.53294204,194.7934799,0.0,0.0,0,0,1,2,2,2,0,2
348.5254773,1191.11915,0.0,1449.905201,1163.93381,27.53294204,194.7934799,0.0,0,1,2,2,2,0,2,2
0.0,348.5254773,1191.11915,0.0,1449.905201,1163.93381,27.53294204,194.7934799,1,2,2,2,0,2,2,0
0.0,0.0,348.5254773,1191.11915,0.0,1449.905201,1163.93381,27.53294204,2,2,2,0,2,2,0,0
448.2541893,0.0,0.0,348.5254773,1191.11915,0.0,1449.905201,1163.93381,2,2,0,2,2,0,0,2
168.4688097,448.2541893,0.0,0.0,348.5254773,1191.11915,0.0,1449.905201,2,0,2,2,0,0,2,1
56.7082233,168.4688097,448.2541893,0.0,0.0,348.5254773,1191.11915,0.0,0,2,2,0,0,2,1,2
28.60315426,56.7082233,168.4688097,448.2541893,0.0,0.0,348.5254773,1191.11915,2,2,0,0,2,1,2,1
469.1317476,28.60315426,56.7082233,168.4688097,448.2541893,0.0,0.0,348.5254773,2,0,0,2,1,2,1,2
77.90428789,469.1317476,28.60315426,56.7082233,168.4688097,448.2541893,0.0,0.0,0,0,2,1,2,1,2,2
0.0,77.90428789,469.1317476,28.60315426,56.7082233,168.4688097,448.2541893,0.0,0,2,1,2,1,2,2,0
33.33566433,0.0,77.90428789,469.1317476,28.60315426,56.7082233,168.4688097,448.2541893,2,1,2,1,2,2,0,1
2.91e-11,33.33566433,0.0,77.90428789,469.1317476,28.60315426,56.7082233,168.4688097,1,2,1,2,2,0,1,2
0.0,2.91e-11,33.33566433,0.0,77.90428789,469.1317476,28.60315426,56.7082233,2,1,2,2,0,1,2,0
87.90750811,0.0,2.91e-11,33.33566433,0.0,77.90428789,469.1317476,28.60315426,1,2,2,0,1,2,0,2
3657.891099,87.90750811,0.0,2.91e-11,33.33566433,0.0,77.90428789,469.1317476,2,2,0,1,2,0,2,2
940.7181124,3657.891099,87.90750811,0.0,2.91e-11,33.33566433,0.0,77.90428789,2,0,1,2,0,2,2,1
11.94123931,940.7181124,3657.891099,87.90750811,0.0,2.91e-11,33.33566433,0.0,0,1,2,0,2,2,1,1
0.0,11.94123931,940.7181124,3657.891099,87.90750811,0.0,2.91e-11,33.33566433,1,2,0,2,2,1,1,2
0.0,0.0,11.94123931,940.7181124,3657.891099,87.90750811,0.0,2.91e-11,2,0,2,2,1,1,2,0
169.8697127,0.0,0.0,11.94123931,940.7181124,3657.891099,87.90750811,0.0,0,2,2,1,1,2,0,2
0.0,169.8697127,0.0,0.0,11.94123931,940.7181124,3657.891099,87.90750811,2,2,1,1,2,0,2,0
304.9867027,0.0,169.8697127,0.0,0.0,11.94123931,940.7181124,3657.891099,2,1,1,2,0,2,0,2
0.0,304.9867027,0.0,169.8697127,0.0,0.0,11.94123931,940.7181124,1,1,2,0,2,0,2,0
1589.671124,0.0,304.9867027,0.0,169.8697127,0.0,0.0,11.94123931,1,2,0,2,0,2,0,1
92.26516235,1589.671124,0.0,304.9867027,0.0,169.8697127,0.0,0.0,2,0,2,0,2,0,1,2
1038.435084,92.26516235,1589.671124,0.0,304.9867027,0.0,169.8697127,0.0,0,2,0,2,0,1,2,2
347.1971393,1038.435084,92.26516235,1589.671124,0.0,304.9867027,0.0,169.8697127,2,0,2,0,1,2,2,2
74.95116562,347.1971393,1038.435084,92.26516235,1589.671124,0.0,304.9867027,0.0,0,2,0,1,2,2,2,2
91.93107044,74.95116562,347.1971393,1038.435084,92.26516235,1589.671124,0.0,304.9867027,2,0,1,2,2,2,2,2
1124.376783,91.93107044,74.95116562,347.1971393,1038.435084,92.26516235,1589.671124,0.0,0,1,2,2,2,2,2,2
0.0,1124.376783,91.93107044,74.95116562,347.1971393,1038.435084,92.26516235,1589.671124,1,2,2,2,2,2,2,0
1112.486839,0.0,1124.376783,91.93107044,74.95116562,347.1971393,1038.435084,92.26516235,2,2,2,2,2,2,0,2
0.0,1112.486839,0.0,1124.376783,91.93107044,74.95116562,347.1971393,1038.435084,2,2,2,2,2,0,2,2
0.0,0.0,1112.486839,0.0,1124.376783,91.93107044,74.95116562,347.1971393,2,2,2,2,0,2,2,2
37.55673741,0.0,0.0,1112.486839,0.0,1124.376783,91.93107044,74.95116562,2,2,2,0,2,2,2,1
0.0,37.55673741,0.0,0.0,1112.486839,0.0,1124.376783,91.93107044,2,2,0,2,2,2,1,0
0.0,0.0,37.55673741,0.0,0.0,1112.486839,0.0,1124.376783,2,0,2,2,2,1,0,0
0.0,0.0,0.0,37.55673741,0.0,0.0,1112.486839,0.0,0,2,2,2,1,0,0,0
0.0,0.0,0.0,0.0,37.55673741,0.0,0.0,1112.486839,2,2,2,1,0,0,0,0
73.58608586,0.0,0.0,0.0,0.0,37.55673741,0.0,0.0,2,2,1,0,0,0,0,1
0.0,73.58608586,0.0,0.0,0.0,0.0,37.55673741,0.0,2,1,0,0,0,0,1,2
97.59240007,0.0,73.58608586,0.0,0.0,0.0,0.0,37.55673741,1,0,0,0,0,1,2,2
73.51051529,97.59240007,0.0,73.58608586,0.0,0.0,0.0,0.0,0,0,0,0,1,2,2,2
0.0,73.51051529,97.59240007,0.0,73.58608586,0.0,0.0,0.0,0,0,0,1,2,2,2,0
0.0,0.0,73.51051529,97.59240007,0.0,73.58608586,0.0,0.0,0,0,1,2,2,2,0,2
0.0,0.0,0.0,73.51051529,97.59240007,0.0,73.58608586,0.0,0,1,2,2,2,0,2,2
324.1703559,0.0,0.0,0.0,73.51051529,97.59240007,0.0,73.58608586,1,2,2,2,0,2,2,2
130.9605685,324.1703559,0.0,0.0,0.0,73.51051529,97.59240007,0.0,2,2,2,0,2,2,2,2
17.20642194,130.9605685,324.1703559,0.0,0.0,0.0,73.51051529,97.59240007,2,2,0,2,2,2,2,2
0.0,17.20642194,130.9605685,324.1703559,0.0,0.0,0.0,73.51051529,2,0,2,2,2,2,2,0
0.0,0.0,17.20642194,130.9605685,324.1703559,0.0,0.0,0.0,0,2,2,2,2,2,0,2
1.008384269,0.0,0.0,17.20642194,130.9605685,324.1703559,0.0,0.0,2,2,2,2,2,0,2,2
174.5949319,1.008384269,0.0,0.0,17.20642194,130.9605685,324.1703559,0.0,2,2,2,2,0,2,2,2
92.34942797,174.5949319,1.008384269,0.0,0.0,17.20642194,130.9605685,324.1703559,2,2,2,0,2,2,2,2
348.250771,92.34942797,174.5949319,1.008384269,0.0,0.0,17.20642194,130.9605685,2,2,0,2,2,2,2,1
52.79287736,348.250771,92.34942797,174.5949319,1.008384269,0.0,0.0,17.20642194,2,0,2,2,2,2,1,1
0.0,52.79287736,348.250771,92.34942797,174.5949319,1.008384269,0.0,0.0,0,2,2,2,2,1,1,2
0.0,0.0,52.79287736,348.250771,92.34942797,174.5949319,1.008384269,0.0,2,2,2,2,1,1,2,2
0.0,0.0,0.0,52.79287736,348.250771,92.34942797,174.5949319,1.008384269,2,2,2,1,1,2,2,2
280.7904377,0.0,0.0,0.0,52.79287736,348.250771,92.34942797,174.5949319,2,2,1,1,2,2,2,2
0.0,280.7904377,0.0,0.0,0.0,52.79287736,348.250771,92.34942797,2,1,1,2,2,2,2,0
0.0,0.0,280.7904377,0.0,0.0,0.0,52.79287736,348.250771,1,1,2,2,2,2,0,0
0.0,0.0,0.0,280.7904377,0.0,0.0,0.0,52.79287736,1,2,2,2,2,0,0,2
144.5478181,0.0,0.0,0.0,280.7904377,0.0,0.0,0.0,2,2,2,2,0,0,2,1
125.4865041,144.5478181,0.0,0.0,0.0,280.7904377,0.0,0.0,2,2,2,0,0,2,1,2
0.0,125.4865041,144.5478181,0.0,0.0,0.0,280.7904377,0.0,2,2,0,0,2,1,2,0
0.0,0.0,125.4865041,144.5478181,0.0,0.0,0.0,280.7904377,2,0,0,2,1,2,0,2
0.0,0.0,0.0,125.4865041,144.5478181,0.0,0.0,0.0,0,0,2,1,2,0,2,2
12.44101263,0.0,0.0,0.0,125.4865041,144.5478181,0.0,0.0,0,2,1,2,0,2,2,1
27.87822135,12.44101263,0.0,0.0,0.0,125.4865041,144.5478181,0.0,2,1,2,0,2,2,1,2
104.2033456,27.87822135,12.44101263,0.0,0.0,0.0,125.4865041,144.5478181,1,2,0,2,2,1,2,2
201.4822589,104.2033456,27.87822135,12.44101263,0.0,0.0,0.0,125.4865041,2,0,2,2,1,2,2,2
0.0,201.4822589,104.2033456,27.87822135,12.44101263,0.0,0.0,0.0,0,2,2,1,2,2,2,0
268.5321907,0.0,201.4822589,104.2033456,27.87822135,12.44101263,0.0,0.0,2,2,1,2,2,2,0,2
256.0082268,268.5321907,0.0,201.4822589,104.2033456,27.87822135,12.44101263,0.0,2,1,2,2,2,0,2,2
0.0,256.0082268,268.5321907,0.0,201.4822589,104.2033456,27.87822135,12.44101263,1,2,2,2,0,2,2,2
0.0,0.0,256.0082268,268.5321907,0.0,201.4822589,104.2033456,27.87822135,2,2,2,0,2,2,2,0
0.0,0.0,0.0,256.0082268,268.5321907,0.0,201.4822589,104.2033456,2,2,0,2,2,2,0,0
122.2349569,0.0,0.0,0.0,256.0082268,268.5321907,0.0,201.4822589,2,0,2,2,2,0,0,2
0.0,122.2349569,0.0,0.0,0.0,256.0082268,268.5321907,0.0,0,2,2,2,0,0,2,2
0.0,0.0,122.2349569,0.0,0.0,0.0,256.0082268,268.5321907,2,2,2,0,0,2,2,2
0.0,0.0,0.0,122.2349569,0.0,0.0,0.0,256.0082268,2,2,0,0,2,2,2,0
182.1346527,0.0,0.0,0.0,122.2349569,0.0,0.0,0.0,2,0,0,2,2,2,0,2
128.997031,182.1346527,0.0,0.0,0.0,122.2349569,0.0,0.0,0,0,2,2,2,0,2,2
0.0,128.997031,182.1346527,0.0,0.0,0.0,122.2349569,0.0,0,2,2,2,0,2,2,0
47.34870428,0.0,128.997031,182.1346527,0.0,0.0,0.0,122.2349569,2,2,2,0,2,2,0,2
36.1089504,47.34870428,0.0,128.997031,182.1346527,0.0,0.0,0.0,2,2,0,2,2,0,2,2
70.85623505,36.1089504,47.34870428,0.0,128.997031,182.1346527,0.0,0.0,2,0,2,2,0,2,2,2
0.0,70.85623505,36.1089504,47.34870428,0.0,128.997031,182.1346527,0.0,0,2,2,0,2,2,2,0
0.0,0.0,70.85623505,36.1089504,47.34870428,0.0,128.997031,182.1346527,2,2,0,2,2,2,0,0
0.0,0.0,0.0,70.85623505,36.1089504,47.34870428,0.0,128.997031,2,0,2,2,2,0,0,0
0.212558111,0.0,0.0,0.0,70.85623505,36.1089504,47.34870428,0.0,0,2,2,2,0,0,0,2
0.0,0.212558111,0.0,0.0,0.0,70.85623505,36.1089504,47.34870428,2,2,2,0,0,0,2,2
45.84512201,0.0,0.212558111,0.0,0.0,0.0,70.85623505,36.1089504,2,2,0,0,0,2,2,1
0.0,45.84512201,0.0,0.212558111,0.0,0.0,0.0,70.85623505,2,0,0,0,2,2,1,0
199.1375246,0.0,45.84512201,0.0,0.212558111,0.0,0.0,0.0,0,0,0,2,2,1,0,2
96.71447186,199.1375246,0.0,45.84512201,0.0,0.212558111,0.0,0.0,0,0,2,2,1,0,2,2
100.8570204,96.71447186,199.1375246,0.0,45.84512201,0.0,0.212558111,0.0,0,2,2,1,0,2,2,2
0.0,100.8570204,96.71447186,199.1375246,0.0,45.84512201,0.0,0.212558111,2,2,1,0,2,2,2,0
1354.428203,0.0,100.8570204,96.71447186,199.1375246,0.0,45.84512201,0.0,2,1,0,2,2,2,0,2
166.7723467,1354.428203,0.0,100.8570204,96.71447186,199.1375246,0.0,45.84512201,1,0,2,2,2,0,2,2
167.8480897,166.7723467,1354.428203,0.0,100.8570204,96.71447186,199.1375246,0.0,0,2,2,2,0,2,2,2
60.33894747,167.8480897,166.7723467,1354.428203,0.0,100.8570204,96.71447186,199.1375246,2,2,2,0,2,2,2,2
0.0,60.33894747,167.8480897,166.7723467,1354.428203,0.0,100.8570204,96.71447186,2,2,0,2,2,2,2,2
1137.855216,0.0,60.33894747,167.8480897,166.7723467,1354.428203,0.0,100.8570204,2,0,2,2,2,2,2,2
22.99094412,1137.855216,0.0,60.33894747,167.8480897,166.7723467,1354.428203,0.0,0,2,2,2,2,2,2,2
6.139118874,22.99094412,1137.855216,0.0,60.33894747,167.8480897,166.7723467,1354.428203,2,2,2,2,2,2,2,2
119.1453667,6.139118874,22.99094412,1137.855216,0.0,60.33894747,167.8480897,166.7723467,2,2,2,2,2,2,2,2
28.88798836,119.1453667,6.139118874,22.99094412,1137.855216,0.0,60.33894747,167.8480897,2,2,2,2,2,2,2,2
160.3807224,28.88798836,119.1453667,6.139118874,22.99094412,1137.855216,0.0,60.33894747,2,2,2,2,2,2,2,1
99.4074202,160.3807224,28.88798836,119.1453667,6.139118874,22.99094412,1137.855216,0.0,2,2,2,2,2,2,1,2
0.0,99.4074202,160.3807224,28.88798836,119.1453667,6.139118874,22.99094412,1137.855216,2,2,2,2,2,1,2,0
0.0,0.0,99.4074202,160.3807224,28.88798836,119.1453667,6.139118874,22.99094412,2,2,2,2,1,2,0,0
141.9907602,0.0,0.0,99.4074202,160.3807224,28.88798836,119.1453667,6.139118874,2,2,2,1,2,0,0,2
244.8142474,141.9907602,0.0,0.0,99.4074202,160.3807224,28.88798836,119.1453667,2,2,1,2,0,0,2,2
0.0,244.8142474,141.9907602,0.0,0.0,99.4074202,160.3807224,28.88798836,2,1,2,0,0,2,2,2
72.01810108,0.0,244.8142474,141.9907602,0.0,0.0,99.4074202,160.3807224,1,2,0,0,2,2,2,2
324.2724315,72.01810108,0.0,244.8142474,141.9907602,0.0,0.0,99.4074202,2,0,0,2,2,2,2,1
0.0,324.2724315,72.01810108,0.0,244.8142474,141.9907602,0.0,0.0,0,0,2,2,2,2,1,0
0.0,0.0,324.2724315,72.01810108,0.0,244.8142474,141.9907602,0.0,0,2,2,2,2,1,0,2
0.0,0.0,0.0,324.2724315,72.01810108,0.0,244.8142474,141.9907602,2,2,2,2,1,0,2,2
0.0,0.0,0.0,0.0,324.2724315,72.01810108,0.0,244.8142474,2,2,2,1,0,2,2,2
146.4575768,0.0,0.0,0.0,0.0,324.2724315,72.01810108,0.0,2,2,1,0,2,2,2,2
52.4091709,146.4575768,0.0,0.0,0.0,0.0,324.2724315,72.01810108,2,1,0,2,2,2,2,1
0.0,52.4091709,146.4575768,0.0,0.0,0.0,0.0,324.2724315,1,0,2,2,2,2,1,2
0.0,0.0,52.4091709,146.4575768,0.0,0.0,0.0,0.0,0,2,2,2,2,1,2,2
0.0,0.0,0.0,52.4091709,146.4575768,0.0,0.0,0.0,2,2,2,2,1,2,2,0
305.7369551,0.0,0.0,0.0,52.4091709,146.4575768,0.0,0.0,2,2,2,1,2,2,0,2
0.0,305.7369551,0.0,0.0,0.0,52.4091709,146.4575768,0.0,2,2,1,2,2,0,2,0
0.0,0.0,305.7369551,0.0,0.0,0.0,52.4091709,146.4575768,2,1,2,2,0,2,0,0
0.0,0.0,0.0,305.7369551,0.0,0.0,0.0,52.4091709,1,2,2,0,2,0,0,0
119.3618071,0.0,0.0,0.0,305.7369551,0.0,0.0,0.0,2,2,0,2,0,0,0,2
0.0,119.3618071,0.0,0.0,0.0,305.7369551,0.0,0.0,2,0,2,0,0,0,2,0
1099.467789,0.0,119.3618071,0.0,0.0,0.0,305.7369551,0.0,0,2,0,0,0,2,0,2
10.53671906,1099.467789,0.0,119.3618071,0.0,0.0,0.0,305.7369551,2,0,0,0,2,0,2,2
0.0,10.53671906,1099.467789,0.0,119.3618071,0.0,0.0,0.0,0,0,0,2,0,2,2,0
2.91e-11,0.0,10.53671906,1099.467789,0.0,119.3618071,0.0,0.0,0,0,2,0,2,2,0,2
0.0,2.91e-11,0.0,10.53671906,1099.467789,0.0,119.3618071,0.0,0,2,0,2,2,0,2,2
0.0,0.0,2.91e-11,0.0,10.53671906,1099.467789,0.0,119.3618071,2,0,2,2,0,2,2,0
135.7420752,0.0,0.0,2.91e-11,0.0,10.53671906,1099.467789,0.0,0,2,2,0,2,2,0,1
0.0,135.7420752,0.0,0.0,2.91e-11,0.0,10.53671906,1099.467789,2,2,0,2,2,0,1,0
0.0,0.0,135.7420752,0.0,0.0,2.91e-11,0.0,10.53671906,2,0,2,2,0,1,0,0
0.0,0.0,0.0,135.7420752,0.0,0.0,2.91e-11,0.0,0,2,2,0,1,0,0,0
0.0,0.0,0.0,0.0,135.7420752,0.0,0.0,2.91e-11,2,2,0,1,0,0,0,0
97.51901894,0.0,0.0,0.0,0.0,135.7420752,0.0,0.0,2,0,1,0,0,0,0,2
0.0,97.51901894,0.0,0.0,0.0,0.0,135.7420752,0.0,0,1,0,0,0,0,2,0
93.84059738,0.0,97.51901894,0.0,0.0,0.0,0.0,135.7420752,1,0,0,0,0,2,0,2
89.36869713,93.84059738,0.0,97.51901894,0.0,0.0,0.0,0.0,0,0,0,0,2,0,2,2
23.62391352,89.36869713,93.84059738,0.0,97.51901894,0.0,0.0,0.0,0,0,0,2,0,2,2,2
0.0,23.62391352,89.36869713,93.84059738,0.0,97.51901894,0.0,0.0,0,0,2,0,2,2,2,0
0.0,0.0,23.62391352,89.36869713,93.84059738,0.0,97.51901894,0.0,0,2,0,2,2,2,0,0
27.80799155,0.0,0.0,23.62391352,89.36869713,93.84059738,0.0,97.51901894,2,0,2,2,2,0,0,2
0.0,27.80799155,0.0,0.0,23.62391352,89.36869713,93.84059738,0.0,0,2,2,2,0,0,2,0
0.0,0.0,27.80799155,0.0,0.0,23.62391352,89.36869713,93.84059738,2,2,2,0,0,2,0,0
50.14880136,0.0,0.0,27.80799155,0.0,0.0,23.62391352,89.36869713,2,2,0,0,2,0,0,1
0.0,50.14880136,0.0,0.0,27.80799155,0.0,0.0,23.62391352,2,0,0,2,0,0,1,2
0.0,0.0,50.14880136,0.0,0.0,27.80799155,0.0,0.0,0,0,2,0,0,1,2,0
0.0,0.0,0.0,50.14880136,0.0,0.0,27.80799155,0.0,0,2,0,0,1,2,0,0
0.0,0.0,0.0,0.0,50.14880136,0.0,0.0,27.80799155,2,0,0,1,2,0,0,0
0.0,0.0,0.0,0.0,0.0,50.14880136,0.0,0.0,0,0,1,2,0,0,0,0
0.0,0.0,0.0,0.0,0.0,0.0,50.14880136,0.0,0,1,2,0,0,0,0,0
0.0,0.0,0.0,0.0,0.0,0.0,0.0,50.14880136,1,2,0,0,0,0,0,0
0.0,0.0,0.0,0.0,0.0,0.0,0.0,0.0,2,0,0,0,0,0,0,2
1153.066763,0.0,0.0,0.0,0.0,0.0,0.0,0.0,0,0,0,0,0,0,2,2
5.356276998,1153.066763,0.0,0.0,0.0,0.0,0.0,0.0,0,0,0,0,0,2,2,1
52.63176598,5.356276998,1153.066763,0.0,0.0,0.0,0.0,0.0,0,0,0,0,2,2,1,1
2311.346023,52.63176598,5.356276998,1153.066763,0.0,0.0,0.0,0.0,0,0,0,2,2,1,1,2
0.534800157,2311.346023,52.63176598,5.356276998,1153.066763,0.0,0.0,0.0,0,0,2,2,1,1,2,1
54.74930594,0.534800157,2311.346023,52.63176598,5.356276998,1153.066763,0.0,0.0,0,2,2,1,1,2,1,2
1.345769851,54.74930594,0.534800157,2311.346023,52.63176598,5.356276998,1153.066763,0.0,2,2,1,1,2,1,2,2
0.0,1.345769851,54.74930594,0.534800157,2311.346023,52.63176598,5.356276998,1153.066763,2,1,1,2,1,2,2,0
2.91e-11,0.0,1.345769851,54.74930594,0.534800157,2311.346023,52.63176598,5.356276998,1,1,2,1,2,2,0,2
0.0,2.91e-11,0.0,1.345769851,54.74930594,0.534800157,2311.346023,52.63176598,1,2,1,2,2,0,2,0
37.4685092,0.0,2.91e-11,0.0,1.345769851,54.74930594,0.534800157,2311.346023,2,1,2,2,0,2,0,1
128.5361167,37.4685092,0.0,2.91e-11,0.0,1.345769851,54.74930594,0.534800157,1,2,2,0,2,0,1,2
4.556556127,128.5361167,37.4685092,0.0,2.91e-11,0.0,1.345769851,54.74930594,2,2,0,2,0,1,2,2
16.73386274,4.556556127,128.5361167,37.4685092,0.0,2.91e-11,0.0,1.345769851,2,0,2,0,1,2,2,2
40.07451364,16.73386274,4.556556127,128.5361167,37.4685092,0.0,2.91e-11,0.0,0,2,0,1,2,2,2,2
2.91e-11,40.07451364,16.73386274,4.556556127,128.5361167,37.4685092,0.0,2.91e-11,2,0,1,2,2,2,2,2
30.31885777,2.91e-11,40.07451364,16.73386274,4.556556127,128.5361167,37.4685092,0.0,0,1,2,2,2,2,2,1
61.65383456,30.31885777,2.91e-11,40.07451364,16.73386274,4.556556127,128.5361167,37.4685092,1,2,2,2,2,2,1,2
0.0,61.65383456,30.31885777,2.91e-11,40.07451364,16.73386274,4.556556127,128.5361167,2,2,2,2,2,1,2,0
8.461429132,0.0,61.65383456,30.31885777,2.91e-11,40.07451364,16.73386274,4.556556127,2,2,2,2,1,2,0,2
14.47130257,8.461429132,0.0,61.65383456,30.31885777,2.91e-11,40.07451364,16.73386274,2,2,2,1,2,0,2,2
1114.665172,14.47130257,8.461429132,0.0,61.65383456,30.31885777,2.91e-11,40.07451364,2,2,1,2,0,2,2,2
166.2595367,1114.665172,14.47130257,8.461429132,0.0,61.65383456,30.31885777,2.91e-11,2,1,2,0,2,2,2,1
0.0,166.2595367,1114.665172,14.47130257,8.461429132,0.0,61.65383456,30.31885777,1,2,0,2,2,2,1,0
150.7420306,0.0,166.2595367,1114.665172,14.47130257,8.461429132,0.0,61.65383456,2,0,2,2,2,1,0,1
146.9452039,150.7420306,0.0,166.2595367,1114.665172,14.47130257,8.461429132,0.0,0,2,2,2,1,0,1,2
0.0,146.9452039,150.7420306,0.0,166.2595367,1114.665172,14.47130257,8.461429132,2,2,2,1,0,1,2,0
0.0,0.0,146.9452039,150.7420306,0.0,166.2595367,1114.665172,14.47130257,2,2,1,0,1,2,0,1
0.0,0.0,0.0,146.9452039,150.7420306,0.0,166.2595367,1114.665172,2,1,0,1,2,0,1,1
0.0,0.0,0.0,0.0,146.9452039,150.7420306,0.0,166.2595367,1,0,1,2,0,1,1,0
0.0,0.0,0.0,0.0,0.0,146.9452039,150.7420306,0.0,0,1,2,0,1,1,0,1
0.0,0.0,0.0,0.0,0.0,0.0,146.9452039,150.7420306,1,2,0,1,1,0,1,2
0.0,0.0,0.0,0.0,0.0,0.0,0.0,146.9452039,2,0,1,1,0,1,2,1
110.8301338,0.0,0.0,0.0,0.0,0.0,0.0,0.0,0,1,1,0,1,2,1,2
13.73312334,110.8301338,0.0,0.0,0.0,0.0,0.0,0.0,1,1,0,1,2,1,2,2
37.19514659,13.73312334,110.8301338,0.0,0.0,0.0,0.0,0.0,1,0,1,2,1,2,2,2
0.0,37.19514659,13.73312334,110.8301338,0.0,0.0,0.0,0.0,0,1,2,1,2,2,2,2
0.0,0.0,37.19514659,13.73312334,110.8301338,0.0,0.0,0.0,1,2,1,2,2,2,2,2
41.742813,0.0,0.0,37.19514659,13.73312334,110.8301338,0.0,0.0,2,1,2,2,2,2,2,2
0.0,41.742813,0.0,0.0,37.19514659,13.73312334,110.8301338,0.0,1,2,2,2,2,2,2,2
0.0,0.0,41.742813,0.0,0.0,37.19514659,13.73312334,110.8301338,2,2,2,2,2,2,2,0
0.0,0.0,0.0,41.742813,0.0,0.0,37.19514659,13.73312334,2,2,2,2,2,2,0,0
67.43359439,0.0,0.0,0.0,41.742813,0.0,0.0,37.19514659,2,2,2,2,2,0,0,2
0.0,67.43359439,0.0,0.0,0.0,41.742813,0.0,0.0,2,2,2,2,0,0,2,0
0.0,0.0,67.43359439,0.0,0.0,0.0,41.742813,0.0,2,2,2,0,0,2,0,2
139.1297025,0.0,0.0,67.43359439,0.0,0.0,0.0,41.742813,2,2,0,0,2,0,2,2
37.99924204,139.1297025,0.0,0.0,67.43359439,0.0,0.0,0.0,2,0,0,2,0,2,2,2
0.0,37.99924204,139.1297025,0.0,0.0,67.43359439,0.0,0.0,0,0,2,0,2,2,2,2
1223.030475,0.0,37.99924204,139.1297025,0.0,0.0,67.43359439,0.0,0,2,0,2,2,2,2,1
0.0,1223.030475,0.0,37.99924204,139.1297025,0.0,0.0,67.43359439,2,0,2,2,2,2,1,2
16.55646639,0.0,1223.030475,0.0,37.99924204,139.1297025,0.0,0.0,0,2,2,2,2,1,2,2
17.96040464,16.55646639,0.0,1223.030475,0.0,37.99924204,139.1297025,0.0,2,2,2,2,1,2,2,2
68.08787798,17.96040464,16.55646639,0.0,1223.030475,0.0,37.99924204,139.1297025,2,2,2,1,2,2,2,1
0.0,68.08787798,17.96040464,16.55646639,0.0,1223.030475,0.0,37.99924204,2,2,1,2,2,2,1,0
94.19639837,0.0,68.08787798,17.96040464,16.55646639,0.0,1223.030475,0.0,2,1,2,2,2,1,0,1
32.87702296,94.19639837,0.0,68.08787798,17.96040464,16.55646639,0.0,1223.030475,1,2,2,2,1,0,1,1
0.0,32.87702296,94.19639837,0.0,68.08787798,17.96040464,16.55646639,0.0,2,2,2,1,0,1,1,2
1526.840529,0.0,32.87702296,94.19639837,0.0,68.08787798,17.96040464,16.55646639,2,2,1,0,1,1,2,1
53.67386557,1526.840529,0.0,32.87702296,94.19639837,0.0,68.08787798,17.96040464,2,1,0,1,1,2,1,2
0.0,53.67386557,1526.840529,0.0,32.87702296,94.19639837,0.0,68.08787798,1,0,1,1,2,1,2,0
0.0,0.0,53.67386557,1526.840529,0.0,32.87702296,94.19639837,0.0,0,1,1,2,1,2,0,0
0.0,0.0,0.0,53.67386557,1526.840529,0.0,32.87702296,94.19639837,1,1,2,1,2,0,0,2
167.8681703,0.0,0.0,0.0,53.67386557,1526.840529,0.0,32.87702296,1,2,1,2,0,0,2,1
1.041426574,167.8681703,0.0,0.0,0.0,53.67386557,1526.840529,0.0,2,1,2,0,0,2,1,2
35.78441068,1.041426574,167.8681703,0.0,0.0,0.0,53.67386557,1526.840529,1,2,0,0,2,1,2,2
0.0,35.78441068,1.041426574,167.8681703,0.0,0.0,0.0,53.67386557,2,0,0,2,1,2,2,0
0.0,0.0,35.78441068,1.041426574,167.8681703,0.0,0.0,0.0,0,0,2,1,2,2,0,0
0.0,0.0,0.0,35.78441068,1.041426574,167.8681703,0.0,0.0,0,2,1,2,2,0,0,0
1140.079021,0.0,0.0,0.0,35.78441068,1.041426574,167.8681703,0.0,2,1,2,2,0,0,0,2
0.0,1140.079021,0.0,0.0,0.0,35.78441068,1.041426574,167.8681703,1,2,2,0,0,0,2,0
50.08018702,0.0,1140.079021,0.0,0.0,0.0,35.78441068,1.041426574,2,2,0,0,0,2,0,1
58.59715408,50.08018702,0.0,1140.079021,0.0,0.0,0.0,35.78441068,2,0,0,0,2,0,1,1
904.3456503,58.59715408,50.08018702,0.0,1140.079021,0.0,0.0,0.0,0,0,0,2,0,1,1,1
0.0,904.3456503,58.59715408,50.08018702,0.0,1140.079021,0.0,0.0,0,0,2,0,1,1,1,0
106.4699902,0.0,904.3456503,58.59715408,50.08018702,0.0,1140.079021,0.0,0,2,0,1,1,1,0,1
2.480505733,106.4699902,0.0,904.3456503,58.59715408,50.08018702,0.0,1140.079021,2,0,1,1,1,0,1,2
0.0,2.480505733,106.4699902,0.0,904.3456503,58.59715408,50.08018702,0.0,0,1,1,1,0,1,2,0
150.3822819,0.0,2.480505733,106.4699902,0.0,904.3456503,58.59715408,50.08018702,1,1,1,0,1,2,0,2
0.626883559,150.3822819,0.0,2.480505733,106.4699902,0.0,904.3456503,58.59715408,1,1,0,1,2,0,2,2
0.0,0.626883559,150.3822819,0.0,2.480505733,106.4699902,0.0,904.3456503,1,0,1,2,0,2,2,0
13.52992722,0.0,0.626883559,150.3822819,0.0,2.480505733,106.4699902,0.0,0,1,2,0,2,2,0,2
0.0,13.52992722,0.0,0.626883559,150.3822819,0.0,2.480505733,106.4699902,1,2,0,2,2,0,2,0
0.0,0.0,13.52992722,0.0,0.626883559,150.3822819,0.0,2.480505733,2,0,2,2,0,2,0,2
0.082325919,0.0,0.0,13.52992722,0.0,0.626883559,150.3822819,0.0,0,2,2,0,2,0,2,2
0.0,0.082325919,0.0,0.0,13.52992722,0.0,0.626883559,150.3822819,2,2,0,2,0,2,2,0
758.2082421,0.0,0.082325919,0.0,0.0,13.52992722,0.0,0.626883559,2,0,2,0,2,2,0,1
5.82e-11,758.2082421,0.0,0.082325919,0.0,0.0,13.52992722,0.0,0,2,0,2,2,0,1,1
232.4787867,5.82e-11,758.2082421,0.0,0.082325919,0.0,0.0,13.52992722,2,0,2,2,0,1,1,2
33.65848682,232.4787867,5.82e-11,758.2082421,0.0,0.082325919,0.0,0.0,0,2,2,0,1,1,2,1
10.5653489,33.65848682,232.4787867,5.82e-11,758.2082421,0.0,0.082325919,0.0,2,2,0,1,1,2,1,1
0.0,10.5653489,33.65848682,232.4787867,5.82e-11,758.2082421,0.0,0.082325919,2,0,1,1,2,1,1,0
0.0,0.0,10.5653489,33.65848682,232.4787867,5.82e-11,758.2082421,0.0,0,1,1,2,1,1,0,1
15.43525514,0.0,0.0,10.5653489,33.65848682,232.4787867,5.82e-11,758.2082421,1,1,2,1,1,0,1,2
94.02149545,15.43525514,0.0,0.0,10.5653489,33.65848682,232.4787867,5.82e-11,1,2,1,1,0,1,2,2
0.0,94.02149545,15.43525514,0.0,0.0,10.5653489,33.65848682,232.4787867,2,1,1,0,1,2,2,2
0.0,0.0,94.02149545,15.43525514,0.0,0.0,10.5653489,33.65848682,1,1,0,1,2,2,2,1
47.46120939,0.0,0.0,94.02149545,15.43525514,0.0,0.0,10.5653489,1,0,1,2,2,2,1,2
143.5636425,47.46120939,0.0,0.0,94.02149545,15.43525514,0.0,0.0,0,1,2,2,2,1,2,2
0.0,143.5636425,47.46120939,0.0,0.0,94.02149545,15.43525514,0.0,1,2,2,2,1,2,2,0
0.0,0.0,143.5636425,47.46120939,0.0,0.0,94.02149545,15.43525514,2,2,2,1,2,2,0,0
876.1411591,0.0,0.0,143.5636425,47.46120939,0.0,0.0,94.02149545,2,2,1,2,2,0,0,1
0.0,876.1411591,0.0,0.0,143.5636425,47.46120939,0.0,0.0,2,1,2,2,0,0,1,1
0.0,0.0,876.1411591,0.0,0.0,143.5636425,47.46120939,0.0,1,2,2,0,0,1,1,1
45.29116037,0.0,0.0,876.1411591,0.0,0.0,143.5636425,47.46120939,2,2,0,0,1,1,1,2
1.341836246,45.29116037,0.0,0.0,876.1411591,0.0,0.0,143.5636425,2,0,0,1,1,1,2,2
136.784037,1.341836246,45.29116037,0.0,0.0,876.1411591,0.0,0.0,0,0,1,1,1,2,2,1
22.74802809,136.784037,1.341836246,45.29116037,0.0,0.0,876.1411591,0.0,0,1,1,1,2,2,1,2
0.0,22.74802809,136.784037,1.341836246,45.29116037,0.0,0.0,876.1411591,1,1,1,2,2,1,2,2
30.20659168,0.0,22.74802809,136.784037,1.341836246,45.29116037,0.0,0.0,1,1,2,2,1,2,2,1
0.0,30.20659168,0.0,22.74802809,136.784037,1.341836246,45.29116037,0.0,1,2,2,1,2,2,1,0
77.87422822,0.0,30.20659168,0.0,22.74802809,136.784037,1.341836246,45.29116037,2,2,1,2,2,1,0,2
0.0,77.87422822,0.0,30.20659168,0.0,22.74802809,136.784037,1.341836246,2,1,2,2,1,0,2,0
16.12620131,0.0,77.87422822,0.0,30.20659168,0.0,22.74802809,136.784037,1,2,2,1,0,2,0,1
0.0,16.12620131,0.0,77.87422822,0.0,30.20659168,0.0,22.74802809,2,2,1,0,2,0,1,0
0.0,0.0,16.12620131,0.0,77.87422822,0.0,30.20659168,0.0,2,1,0,2,0,1,0,2
0.0,0.0,0.0,16.12620131,0.0,77.87422822,0.0,30.20659168,1,0,2,0,1,0,2,0
0.0,0.0,0.0,0.0,16.12620131,0.0,77.87422822,0.0,0,2,0,1,0,2,0,2
2192.071718,0.0,0.0,0.0,0.0,16.12620131,0.0,77.87422822,2,0,1,0,2,0,2,1
0.0,2192.071718,0.0,0.0,0.0,0.0,16.12620131,0.0,0,1,0,2,0,2,1,1
108.9006294,0.0,2192.071718,0.0,0.0,0.0,0.0,16.12620131,1,0,2,0,2,1,1,2
0.369831869,108.9006294,0.0,2192.071718,0.0,0.0,0.0,0.0,0,2,0,2,1,1,2,2
0.0,0.369831869,108.9006294,0.0,2192.071718,0.0,0.0,0.0,2,0,2,1,1,2,2,2
0.0,0.0,0.369831869,108.9006294,0.0,2192.071718,0.0,0.0,0,2,1,1,2,2,2,0
0.0,0.0,0.0,0.369831869,108.9006294,0.0,2192.071718,0.0,2,1,1,2,2,2,0,2
0.0,0.0,0.0,0.0,0.369831869,108.9006294,0.0,2192.071718,1,1,2,2,2,0,2,2
311.5894252,0.0,0.0,0.0,0.0,0.369831869,108.9006294,0.0,1,2,2,2,0,2,2,2
0.0,311.5894252,0.0,0.0,0.0,0.0,0.369831869,108.9006294,2,2,2,0,2,2,2,0
0.0,0.0,311.5894252,0.0,0.0,0.0,0.0,0.369831869,2,2,0,2,2,2,0,2
0.0,0.0,0.0,311.5894252,0.0,0.0,0.0,0.0,2,0,2,2,2,0,2,2
0.0,0.0,0.0,0.0,311.5894252,0.0,0.0,0.0,0,2,2,2,0,2,2,0
0.0,0.0,0.0,0.0,0.0,311.5894252,0.0,0.0,2,2,2,0,2,2,0,0
0.0,0.0,0.0,0.0,0.0,0.0,311.5894252,0.0,2,2,0,2,2,0,0,2
0.0,0.0,0.0,0.0,0.0,0.0,0.0,311.5894252,2,0,2,2,0,0,2,2
81.94560598,0.0,0.0,0.0,0.0,0.0,0.0,0.0,0,2,2,0,0,2,2,2
0.0,81.94560598,0.0,0.0,0.0,0.0,0.0,0.0,2,2,0,0,2,2,2,0
0.0,0.0,81.94560598,0.0,0.0,0.0,0.0,0.0,2,0,0,2,2,2,0,2
0.0,0.0,0.0,81.94560598,0.0,0.0,0.0,0.0,0,0,2,2,2,0,2,0
0.0,0.0,0.0,0.0,81.94560598,0.0,0.0,0.0,0,2,2,2,0,2,0,1
69.04380395,0.0,0.0,0.0,0.0,81.94560598,0.0,0.0,2,2,2,0,2,0,1,2
0.0,69.04380395,0.0,0.0,0.0,0.0,81.94560598,0.0,2,2,0,2,0,1,2,0
0.0,0.0,69.04380395,0.0,0.0,0.0,0.0,81.94560598,2,0,2,0,1,2,0,0
166.8303692,0.0,0.0,69.04380395,0.0,0.0,0.0,0.0,0,2,0,1,2,0,0,2
0.0,166.8303692,0.0,0.0,69.04380395,0.0,0.0,0.0,2,0,1,2,0,0,2,0
0.0,0.0,166.8303692,0.0,0.0,69.04380395,0.0,0.0,0,1,2,0,0,2,0,0
0.0,0.0,0.0,166.8303692,0.0,0.0,69.04380395,0.0,1,2,0,0,2,0,0,0
0.0,0.0,0.0,0.0,166.8303692,0.0,0.0,69.04380395,2,0,0,2,0,0,0,2
0.0,0.0,0.0,0.0,0.0,166.8303692,0.0,0.0,0,0,2,0,0,0,2,0
37.55483537,0.0,0.0,0.0,0.0,0.0,166.8303692,0.0,0,2,0,0,0,2,0,2
0.0,37.55483537,0.0,0.0,0.0,0.0,0.0,166.8303692,2,0,0,0,2,0,2,2
34.18829952,0.0,37.55483537,0.0,0.0,0.0,0.0,0.0,0,0,0,2,0,2,2,2
0.0,34.18829952,0.0,37.55483537,0.0,0.0,0.0,0.0,0,0,2,0,2,2,2,2
0.0,0.0,34.18829952,0.0,37.55483537,0.0,0.0,0.0,0,2,0,2,2,2,2,0
12.77695829,0.0,0.0,34.18829952,0.0,37.55483537,0.0,0.0,2,0,2,2,2,2,0,1
0.0,12.77695829,0.0,0.0,34.18829952,0.0,37.55483537,0.0,0,2,2,2,2,0,1,0
342.7592196,0.0,12.77695829,0.0,0.0,34.18829952,0.0,37.55483537,2,2,2,2,0,1,0,2
141.6587281,342.7592196,0.0,12.77695829,0.0,0.0,34.18829952,0.0,2,2,2,0,1,0,2,1
76.71739829,141.6587281,342.7592196,0.0,12.77695829,0.0,0.0,34.18829952,2,2,0,1,0,2,1,2
0.0,76.71739829,141.6587281,342.7592196,0.0,12.77695829,0.0,0.0,2,0,1,0,2,1,2,0
14.66983698,0.0,76.71739829,141.6587281,342.7592196,0.0,12.77695829,0.0,0,1,0,2,1,2,0,1
0.0,14.66983698,0.0,76.71739829,141.6587281,342.7592196,0.0,12.77695829,1,0,2,1,2,0,1,0
5.82e-11,0.0,14.66983698,0.0,76.71739829,141.6587281,342.7592196,0.0,0,2,1,2,0,1,0,2
5.603430662,5.82e-11,0.0,14.66983698,0.0,76.71739829,141.6587281,342.7592196,2,1,2,0,1,0,2,2
7.301481276,5.603430662,5.82e-11,0.0,14.66983698,0.0,76.71739829,141.6587281,1,2,0,1,0,2,2,1
0.0,7.301481276,5.603430662,5.82e-11,0.0,14.66983698,0.0,76.71739829,2,0,1,0,2,2,1,2
61.20514664,0.0,7.301481276,5.603430662,5.82e-11,0.0,14.66983698,0.0,0,1,0,2,2,1,2,2
14.23336337,61.20514664,0.0,7.301481276,5.603430662,5.82e-11,0.0,14.66983698,1,0,2,2,1,2,2,1
0.0,14.23336337,61.20514664,0.0,7.301481276,5.603430662,5.82e-11,0.0,0,2,2,1,2,2,1,2
1029.212305,0.0,14.23336337,61.20514664,0.0,7.301481276,5.603430662,5.82e-11,2,2,1,2,2,1,2,1
214.7230568,1029.212305,0.0,14.23336337,61.20514664,0.0,7.301481276,5.603430662,2,1,2,2,1,2,1,2
140.0360246,214.7230568,1029.212305,0.0,14.23336337,61.20514664,0.0,7.301481276,1,2,2,1,2,1,2,2
12.58997336,140.0360246,214.7230568,1029.212305,0.0,14.23336337,61.20514664,0.0,2,2,1,2,1,2,2,2
0.0,12.58997336,140.0360246,214.7230568,1029.212305,0.0,14.23336337,61.20514664,2,1,2,1,2,2,2,2
0.0,0.0,12.58997336,140.0360246,214.7230568,1029.212305,0.0,14.23336337,1,2,1,2,2,2,2,2
0.0,0.0,0.0,12.58997336,140.0360246,214.7230568,1029.212305,0.0,2,1,2,2,2,2,2,2
1245.519895,0.0,0.0,0.0,12.58997336,140.0360246,214.7230568,1029.212305,1,2,2,2,2,2,2,2
14.2235713,1245.519895,0.0,0.0,0.0,12.58997336,140.0360246,214.7230568,2,2,2,2,2,2,2,1
0.0,14.2235713,1245.519895,0.0,0.0,0.0,12.58997336,140.0360246,2,2,2,2,2,2,1,1
0.0,0.0,14.2235713,1245.519895,0.0,0.0,0.0,12.58997336,2,2,2,2,2,1,1,0
0.0,0.0,0.0,14.2235713,1245.519895,0.0,0.0,0.0,2,2,2,2,1,1,0,0
2.074981501,0.0,0.0,0.0,14.2235713,1245.519895,0.0,0.0,2,2,2,1,1,0,0,1
4.009234948,2.074981501,0.0,0.0,0.0,14.2235713,1245.519895,0.0,2,2,1,1,0,0,1,1
16.42295135,4.009234948,2.074981501,0.0,0.0,0.0,14.2235713,1245.519895,2,1,1,0,0,1,1,2
0.0,16.42295135,4.009234948,2.074981501,0.0,0.0,0.0,14.2235713,1,1,0,0,1,1,2,0
0.0,0.0,16.42295135,4.009234948,2.074981501,0.0,0.0,0.0,1,0,0,1,1,2,0,2
31.38057888,0.0,0.0,16.42295135,4.009234948,2.074981501,0.0,0.0,0,0,1,1,2,0,2,2
1281.013444,31.38057888,0.0,0.0,16.42295135,4.009234948,2.074981501,0.0,0,1,1,2,0,2,2,2
69.03413465,1281.013444,31.38057888,0.0,0.0,16.42295135,4.009234948,2.074981501,1,1,2,0,2,2,2,2
21.67444278,69.03413465,1281.013444,31.38057888,0.0,0.0,16.42295135,4.009234948,1,2,0,2,2,2,2,2
2.515273381,21.67444278,69.03413465,1281.013444,31.38057888,0.0,0.0,16.42295135,2,0,2,2,2,2,2,1
0.0,2.515273381,21.67444278,69.03413465,1281.013444,31.38057888,0.0,0.0,0,2,2,2,2,2,1,1
0.0,0.0,2.515273381,21.67444278,69.03413465,1281.013444,31.38057888,0.0,2,2,2,2,2,1,1,0
0.0,0.0,0.0,2.515273381,21.67444278,69.03413465,1281.013444,31.38057888,2,2,2,2,1,1,0,2
0.494371871,0.0,0.0,0.0,2.515273381,21.67444278,69.03413465,1281.013444,2,2,2,1,1,0,2,1
21.69820519,0.494371871,0.0,0.0,0.0,2.515273381,21.67444278,69.03413465,2,2,1,1,0,2,1,2
1493.502037,21.69820519,0.494371871,0.0,0.0,0.0,2.515273381,21.67444278,2,1,1,0,2,1,2,1
0.0,1493.502037,21.69820519,0.494371871,0.0,0.0,0.0,2.515273381,1,1,0,2,1,2,1,2
0.0,0.0,1493.502037,21.69820519,0.494371871,0.0,0.0,0.0,1,0,2,1,2,1,2,0
155.0764434,0.0,0.0,1493.502037,21.69820519,0.494371871,0.0,0.0,0,2,1,2,1,2,0,2
0.0,155.0764434,0.0,0.0,1493.502037,21.69820519,0.494371871,0.0,2,1,2,1,2,0,2,0
2.061334423,0.0,155.0764434,0.0,0.0,1493.502037,21.69820519,0.494371871,1,2,1,2,0,2,0,2
0.0,2.061334423,0.0,155.0764434,0.0,0.0,1493.502037,21.69820519,2,1,2,0,2,0,2,1
0.0,0.0,2.061334423,0.0,155.0764434,0.0,0.0,1493.502037,1,2,0,2,0,2,1,2
77.12384689,0.0,0.0,2.061334423,0.0,155.0764434,0.0,0.0,2,0,2,0,2,1,2,2
0.0,77.12384689,0.0,0.0,2.061334423,0.0,155.0764434,0.0,0,2,0,2,1,2,2,0
2.91e-11,0.0,77.12384689,0.0,0.0,2.061334423,0.0,155.0764434,2,0,2,1,2,2,0,2
21.2622999,2.91e-11,0.0,77.12384689,0.0,0.0,2.061334423,0.0,0,2,1,2,2,0,2,2
295.6711827,21.2622999,2.91e-11,0.0,77.12384689,0.0,0.0,2.061334423,2,1,2,2,0,2,2,2
0.0,295.6711827,21.2622999,2.91e-11,0.0,77.12384689,0.0,0.0,1,2,2,0,2,2,2,0
65.15943339,0.0,295.6711827,21.2622999,2.91e-11,0.0,77.12384689,0.0,2,2,0,2,2,2,0,2
24.93916857,65.15943339,0.0,295.6711827,21.2622999,2.91e-11,0.0,77.12384689,2,0,2,2,2,0,2,1
1.816122835,24.93916857,65.15943339,0.0,295.6711827,21.2622999,2.91e-11,0.0,0,2,2,2,0,2,1,1
59.04055751,1.816122835,24.93916857,65.15943339,0.0,295.6711827,21.2622999,2.91e-11,2,2,2,0,2,1,1,2
0.0,59.04055751,1.816122835,24.93916857,65.15943339,0.0,295.6711827,21.2622999,2,2,0,2,1,1,2,2
2.91e-11,0.0,59.04055751,1.816122835,24.93916857,65.15943339,0.0,295.6711827,2,0,2,1,1,2,2,2
95.50854619,2.91e-11,0.0,59.04055751,1.816122835,24.93916857,65.15943339,0.0,0,2,1,1,2,2,2,1
0.0,95.50854619,2.91e-11,0.0,59.04055751,1.816122835,24.93916857,65.15943339,2,1,1,2,2,2,1,2
0.0,0.0,95.50854619,2.91e-11,0.0,59.04055751,1.816122835,24.93916857,1,1,2,2,2,1,2,0
2.879349802,0.0,0.0,95.50854619,2.91e-11,0.0,59.04055751,1.816122835,1,2,2,2,1,2,0,2
0.0,2.879349802,0.0,0.0,95.50854619,2.91e-11,0.0,59.04055751,2,2,2,1,2,0,2,0
1188.703209,0.0,2.879349802,0.0,0.0,95.50854619,2.91e-11,0.0,2,2,1,2,0,2,0,2
0.0,1188.703209,0.0,2.879349802,0.0,0.0,95.50854619,2.91e-11,2,1,2,0,2,0,2,2
1.824983842,0.0,1188.703209,0.0,2.879349802,0.0,0.0,95.50854619,1,2,0,2,0,2,2,2
2.91e-11,1.824983842,0.0,1188.703209,0.0,2.879349802,0.0,0.0,2,0,2,0,2,2,2,2
0.0,2.91e-11,1.824983842,0.0,1188.703209,0.0,2.879349802,0.0,0,2,0,2,2,2,2,0
33.4429937,0.0,2.91e-11,1.824983842,0.0,1188.703209,0.0,2.879349802,2,0,2,2,2,2,0,1
9.079609633,33.4429937,0.0,2.91e-11,1.824983842,0.0,1188.703209,0.0,0,2,2,2,2,0,1,2
1013.869389,9.079609633,33.4429937,0.0,2.91e-11,1.824983842,0.0,1188.703209,2,2,2,2,0,1,2,1
25.96270994,1013.869389,9.079609633,33.4429937,0.0,2.91e-11,1.824983842,0.0,2,2,2,0,1,2,1,2
0.0,25.96270994,1013.869389,9.079609633,33.4429937,0.0,2.91e-11,1.824983842,2,2,0,1,2,1,2,0
2.624744171,0.0,25.96270994,1013.869389,9.079609633,33.4429937,0.0,2.91e-11,2,0,1,2,1,2,0,2
1.194511279,2.624744171,0.0,25.96270994,1013.869389,9.079609633,33.4429937,0.0,0,1,2,1,2,0,2,2
0.0,1.194511279,2.624744171,0.0,25.96270994,1013.869389,9.079609633,33.4429937,1,2,1,2,0,2,2,0
5.922830263,0.0,1.194511279,2.624744171,0.0,25.96270994,1013.869389,9.079609633,2,1,2,0,2,2,0,1
0.0,5.922830263,0.0,1.194511279,2.624744171,0.0,25.96270994,1013.869389,1,2,0,2,2,0,1,0
0.0,0.0,5.922830263,0.0,1.194511279,2.624744171,0.0,25.96270994,2,0,2,2,0,1,0,0
0.0,0.0,0.0,5.922830263,0.0,1.194511279,2.624744171,0.0,0,2,2,0,1,0,0,2
2.91e-11,0.0,0.0,0.0,5.922830263,0.0,1.194511279,2.624744171,2,2,0,1,0,0,2,2
0.272462698,2.91e-11,0.0,0.0,0.0,5.922830263,0.0,1.194511279,2,0,1,0,0,2,2,2
0.0,0.272462698,2.91e-11,0.0,0.0,0.0,5.922830263,0.0,0,1,0,0,2,2,2,0
0.0,0.0,0.272462698,2.91e-11,0.0,0.0,0.0,5.922830263,1,0,0,2,2,2,0,0
0.0,0.0,0.0,0.272462698,2.91e-11,0.0,0.0,0.0,0,0,2,2,2,0,0,2
0.0,0.0,0.0,0.0,0.272462698,2.91e-11,0.0,0.0,0,2,2,2,0,0,2,2
123.8522202,0.0,0.0,0.0,0.0,0.272462698,2.91e-11,0.0,2,2,2,0,0,2,2,1
0.253694838,123.8522202,0.0,0.0,0.0,0.0,0.272462698,2.91e-11,2,2,0,0,2,2,1,1
0.0,0.253694838,123.8522202,0.0,0.0,0.0,0.0,0.272462698,2,0,0,2,2,1,1,2
2.91e-11,0.0,0.253694838,123.8522202,0.0,0.0,0.0,0.0,0,0,2,2,1,1,2,2
0.0,2.91e-11,0.0,0.253694838,123.8522202,0.0,0.0,0.0,0,2,2,1,1,2,2,1
0.0,0.0,2.91e-11,0.0,0.253694838,123.8522202,0.0,0.0,2,2,1,1,2,2,1,2
24.71462878,0.0,0.0,2.91e-11,0.0,0.253694838,123.8522202,0.0,2,1,1,2,2,1,2,2
4.787104396,24.71462878,0.0,0.0,2.91e-11,0.0,0.253694838,123.8522202,1,1,2,2,1,2,2,1
0.0,4.787104396,24.71462878,0.0,0.0,2.91e-11,0.0,0.253694838,1,2,2,1,2,2,1,2
2.91e-11,0.0,4.787104396,24.71462878,0.0,0.0,2.91e-11,0.0,2,2,1,2,2,1,2,2
25.76381847,2.91e-11,0.0,4.787104396,24.71462878,0.0,0.0,2.91e-11,2,1,2,2,1,2,2,2
0.0,25.76381847,2.91e-11,0.0,4.787104396,24.71462878,0.0,0.0,1,2,2,1,2,2,2,2
1000.087418,0.0,25.76381847,2.91e-11,0.0,4.787104396,24.71462878,0.0,2,2,1,2,2,2,2,2
0.0,1000.087418,0.0,25.76381847,2.91e-11,0.0,4.787104396,24.71462878,2,1,2,2,2,2,2,0
0.0,0.0,1000.087418,0.0,25.76381847,2.91e-11,0.0,4.787104396,1,2,2,2,2,2,0,1
16.12720528,0.0,0.0,1000.087418,0.0,25.76381847,2.91e-11,0.0,2,2,2,2,2,0,1,1
0.0,16.12720528,0.0,0.0,1000.087418,0.0,25.76381847,2.91e-11,2,2,2,2,0,1,1,1
0.0,0.0,16.12720528,0.0,0.0,1000.087418,0.0,25.76381847,2,2,2,0,1,1,1,1
33.40433211,0.0,0.0,16.12720528,0.0,0.0,1000.087418,0.0,2,2,0,1,1,1,1,2
0.0,33.40433211,0.0,0.0,16.12720528,0.0,0.0,1000.087418,2,0,1,1,1,1,2,1
234.1823144,0.0,33.40433211,0.0,0.0,16.12720528,0.0,0.0,0,1,1,1,1,2,1,2
0.0,234.1823144,0.0,33.40433211,0.0,0.0,16.12720528,0.0,1,1,1,1,2,1,2,0
0.0,0.0,234.1823144,0.0,33.40433211,0.0,0.0,16.12720528,1,1,1,2,1,2,0,2
0.0,0.0,0.0,234.1823144,0.0,33.40433211,0.0,0.0,1,1,2,1,2,0,2,2
9.657454841,0.0,0.0,0.0,234.1823144,0.0,33.40433211,0.0,1,2,1,2,0,2,2,2
5.877600689,9.657454841,0.0,0.0,0.0,234.1823144,0.0,33.40433211,2,1,2,0,2,2,2,2
0.0,5.877600689,9.657454841,0.0,0.0,0.0,234.1823144,0.0,1,2,0,2,2,2,2,1
3.415440759,0.0,5.877600689,9.657454841,0.0,0.0,0.0,234.1823144,2,0,2,2,2,2,1,2
51.68392734,3.415440759,0.0,5.877600689,9.657454841,0.0,0.0,0.0,0,2,2,2,2,1,2,2
0.0,51.68392734,3.415440759,0.0,5.877600689,9.657454841,0.0,0.0,2,2,2,2,1,2,2,2
0.0,0.0,51.68392734,3.415440759,0.0,5.877600689,9.657454841,0.0,2,2,2,1,2,2,2,1
0.0,0.0,0.0,51.68392734,3.415440759,0.0,5.877600689,9.657454841,2,2,1,2,2,2,1,0
0.0,0.0,0.0,0.0,51.68392734,3.415440759,0.0,5.877600689,2,1,2,2,2,1,0,0
18.8090408,0.0,0.0,0.0,0.0,51.68392734,3.415440759,0.0,1,2,2,2,1,0,0,2
68.50692036,18.8090408,0.0,0.0,0.0,0.0,51.68392734,3.415440759,2,2,2,1,0,0,2,2
0.0,68.50692036,18.8090408,0.0,0.0,0.0,0.0,51.68392734,2,2,1,0,0,2,2,0
0.0,0.0,68.50692036,18.8090408,0.0,0.0,0.0,0.0,2,1,0,0,2,2,0,0
0.589196951,0.0,0.0,68.50692036,18.8090408,0.0,0.0,0.0,1,0,0,2,2,0,0,1
0.0,0.589196951,0.0,0.0,68.50692036,18.8090408,0.0,0.0,0,0,2,2,0,0,1,0
185.3358589,0.0,0.589196951,0.0,0.0,68.50692036,18.8090408,0.0,0,2,2,0,0,1,0,2
0.0,185.3358589,0.0,0.589196951,0.0,0.0,68.50692036,18.8090408,2,2,0,0,1,0,2,2
71.42614317,0.0,185.3358589,0.0,0.589196951,0.0,0.0,68.50692036,2,0,0,1,0,2,2,2
1.791837777,71.42614317,0.0,185.3358589,0.0,0.589196951,0.0,0.0,0,0,1,0,2,2,2,2
50.94012357,1.791837777,71.42614317,0.0,185.3358589,0.0,0.589196951,0.0,0,1,0,2,2,2,2,2
0.0,50.94012357,1.791837777,71.42614317,0.0,185.3358589,0.0,0.589196951,1,0,2,2,2,2,2,0
271.8625227,0.0,50.94012357,1.791837777,71.42614317,0.0,185.3358589,0.0,0,2,2,2,2,2,0,2
28.84256274,271.8625227,0.0,50.94012357,1.791837777,71.42614317,0.0,185.3358589,2,2,2,2,2,0,2,1
10.60965358,28.84256274,271.8625227,0.0,50.94012357,1.791837777,71.42614317,0.0,2,2,2,2,0,2,1,2
2.91e-11,10.60965358,28.84256274,271.8625227,0.0,50.94012357,1.791837777,71.42614317,2,2,2,0,2,1,2,2
0.0,2.91e-11,10.60965358,28.84256274,271.8625227,0.0,50.94012357,1.791837777,2,2,0,2,1,2,2,2
9.391330916,0.0,2.91e-11,10.60965358,28.84256274,271.8625227,0.0,50.94012357,2,0,2,1,2,2,2,2
0.0,9.391330916,0.0,2.91e-11,10.60965358,28.84256274,271.8625227,0.0,0,2,1,2,2,2,2,0
37.06554268,0.0,9.391330916,0.0,2.91e-11,10.60965358,28.84256274,271.8625227,2,1,2,2,2,2,0,2
193.6772819,37.06554268,0.0,9.391330916,0.0,2.91e-11,10.60965358,28.84256274,1,2,2,2,2,0,2,2
2.048816325,193.6772819,37.06554268,0.0,9.391330916,0.0,2.91e-11,10.60965358,2,2,2,2,0,2,2,2
0.0,2.048816325,193.6772819,37.06554268,0.0,9.391330916,0.0,2.91e-11,2,2,2,0,2,2,2,0
0.0,0.0,2.048816325,193.6772819,37.06554268,0.0,9.391330916,0.0,2,2,0,2,2,2,0,0
0.0,0.0,0.0,2.048816325,193.6772819,37.06554268,0.0,9.391330916,2,0,2,2,2,0,0,0
0.0,0.0,0.0,0.0,2.048816325,193.6772819,37.06554268,0.0,0,2,2,2,0,0,0,0
1020.818734,0.0,0.0,0.0,0.0,2.048816325,193.6772819,37.06554268,2,2,2,0,0,0,0,1
0.0,1020.818734,0.0,0.0,0.0,0.0,2.048816325,193.6772819,2,2,0,0,0,0,1,1
0.0,0.0,1020.818734,0.0,0.0,0.0,0.0,2.048816325,2,0,0,0,0,1,1,1
8.770136114,0.0,0.0,1020.818734,0.0,0.0,0.0,0.0,0,0,0,0,1,1,1,2
242.1872067,8.770136114,0.0,0.0,1020.818734,0.0,0.0,0.0,0,0,0,1,1,1,2,2
0.0,242.1872067,8.770136114,0.0,0.0,1020.818734,0.0,0.0,0,0,1,1,1,2,2,2
2.91e-11,0.0,242.1872067,8.770136114,0.0,0.0,1020.818734,0.0,0,1,1,1,2,2,2,2
0.0,2.91e-11,0.0,242.1872067,8.770136114,0.0,0.0,1020.818734,1,1,1,2,2,2,2,0
0.0,0.0,2.91e-11,0.0,242.1872067,8.770136114,0.0,0.0,1,1,2,2,2,2,0,0
37.71834071,0.0,0.0,2.91e-11,0.0,242.1872067,8.770136114,0.0,1,2,2,2,2,0,0,2
0.0,37.71834071,0.0,0.0,2.91e-11,0.0,242.1872067,8.770136114,2,2,2,2,0,0,2,0
3.902382185,0.0,37.71834071,0.0,0.0,2.91e-11,0.0,242.1872067,2,2,2,0,0,2,0,1
1097.525898,3.902382185,0.0,37.71834071,0.0,0.0,2.91e-11,0.0,2,2,0,0,2,0,1,2
0.0,1097.525898,3.902382185,0.0,37.71834071,0.0,0.0,2.91e-11,2,0,0,2,0,1,2,0
0.0,0.0,1097.525898,3.902382185,0.0,37.71834071,0.0,0.0,0,0,2,0,1,2,0,0
0.329435798,0.0,0.0,1097.525898,3.902382185,0.0,37.71834071,0.0,0,2,0,1,2,0,0,1
0.0,0.329435798,0.0,0.0,1097.525898,3.902382185,0.0,37.71834071,2,0,1,2,0,0,1,0
0.0,0.0,0.329435798,0.0,0.0,1097.525898,3.902382185,0.0,0,1,2,0,0,1,0,0
19.23779525,0.0,0.0,0.329435798,0.0,0.0,1097.525898,3.902382185,1,2,0,0,1,0,0,2
0.0,19.23779525,0.0,0.0,0.329435798,0.0,0.0,1097.525898,2,0,0,1,0,0,2,0
0.0,0.0,19.23779525,0.0,0.0,0.329435798,0.0,0.0,0,0,1,0,0,2,0,2
40.00859855,0.0,0.0,19.23779525,0.0,0.0,0.329435798,0.0,0,1,0,0,2,0,2,2
0.0,40.00859855,0.0,0.0,19.23779525,0.0,0.0,0.329435798,1,0,0,2,0,2,2,1
248.2149929,0.0,40.00859855,0.0,0.0,19.23779525,0.0,0.0,0,0,2,0,2,2,1,2
8.503485839,248.2149929,0.0,40.00859855,0.0,0.0,19.23779525,0.0,0,2,0,2,2,1,2,2
1125.925871,8.503485839,248.2149929,0.0,40.00859855,0.0,0.0,19.23779525,2,0,2,2,1,2,2,2
0.0,1125.925871,8.503485839,248.2149929,0.0,40.00859855,0.0,0.0,0,2,2,1,2,2,2,0
0.0,0.0,1125.925871,8.503485839,248.2149929,0.0,40.00859855,0.0,2,2,1,2,2,2,0,0
0.0,0.0,0.0,1125.925871,8.503485839,248.2149929,0.0,40.00859855,2,1,2,2,2,0,0,0
0.0,0.0,0.0,0.0,1125.925871,8.503485839,248.2149929,0.0,1,2,2,2,0,0,0,0
25.58990124,0.0,0.0,0.0,0.0,1125.925871,8.503485839,248.2149929,2,2,2,0,0,0,0,2
0.0,25.58990124,0.0,0.0,0.0,0.0,1125.925871,8.503485839,2,2,0,0,0,0,2,0
0.0,0.0,25.58990124,0.0,0.0,0.0,0.0,1125.925871,2,0,0,0,0,2,0,0
2.549206786,0.0,0.0,25.58990124,0.0,0.0,0.0,0.0,0,0,0,0,2,0,0,1
2.91e-11,2.549206786,0.0,0.0,25.58990124,0.0,0.0,0.0,0,0,0,2,0,0,1,2
0.0,2.91e-11,2.549206786,0.0,0.0,25.58990124,0.0,0.0,0,0,2,0,0,1,2,2
0.0,0.0,2.91e-11,2.549206786,0.0,0.0,25.58990124,0.0,0,2,0,0,1,2,2,2
0.0,0.0,0.0,2.91e-11,2.549206786,0.0,0.0,25.58990124,2,0,0,1,2,2,2,0
75.26826439,0.0,0.0,0.0,2.91e-11,2.549206786,0.0,0.0,0,0,1,2,2,2,0,2
92.65509155,75.26826439,0.0,0.0,0.0,2.91e-11,2.549206786,0.0,0,1,2,2,2,0,2,2
0.0,92.65509155,75.26826439,0.0,0.0,0.0,2.91e-11,2.549206786,1,2,2,2,0,2,2,0
0.0,0.0,92.65509155,75.26826439,0.0,0.0,0.0,2.91e-11,2,2,2,0,2,2,0,2
7.264501523,0.0,0.0,92.65509155,75.26826439,0.0,0.0,0.0,2,2,0,2,2,0,2,1
2.91e-11,7.264501523,0.0,0.0,92.65509155,75.26826439,0.0,0.0,2,0,2,2,0,2,1,2
0.0,2.91e-11,7.264501523,0.0,0.0,92.65509155,75.26826439,0.0,0,2,2,0,2,1,2,0
5.546113588,0.0,2.91e-11,7.264501523,0.0,0.0,92.65509155,75.26826439,2,2,0,2,1,2,0,2
5.758823024,5.546113588,0.0,2.91e-11,7.264501523,0.0,0.0,92.65509155,2,0,2,1,2,0,2,2
1.150998553,5.758823024,5.546113588,0.0,2.91e-11,7.264501523,0.0,0.0,0,2,1,2,0,2,2,1
0.0,1.150998553,5.758823024,5.546113588,0.0,2.91e-11,7.264501523,0.0,2,1,2,0,2,2,1,0
3.840095605,0.0,1.150998553,5.758823024,5.546113588,0.0,2.91e-11,7.264501523,1,2,0,2,2,1,0,2
0.0,3.840095605,0.0,1.150998553,5.758823024,5.546113588,0.0,2.91e-11,2,0,2,2,1,0,2,2
22.19282067,0.0,3.840095605,0.0,1.150998553,5.758823024,5.546113588,0.0,0,2,2,1,0,2,2,1
29.45428549,22.19282067,0.0,3.840095605,0.0,1.150998553,5.758823024,5.546113588,2,2,1,0,2,2,1,2
53.57277607,29.45428549,22.19282067,0.0,3.840095605,0.0,1.150998553,5.758823024,2,1,0,2,2,1,2,1
2.711483395,53.57277607,29.45428549,22.19282067,0.0,3.840095605,0.0,1.150998553,1,0,2,2,1,2,1,2
0.0,2.711483395,53.57277607,29.45428549,22.19282067,0.0,3.840095605,0.0,0,2,2,1,2,1,2,2
0.0,0.0,2.711483395,53.57277607,29.45428549,22.19282067,0.0,3.840095605,2,2,1,2,1,2,2,2
0.0,0.0,0.0,2.711483395,53.57277607,29.45428549,22.19282067,0.0,2,1,2,1,2,2,2,2
2.91e-11,0.0,0.0,0.0,2.711483395,53.57277607,29.45428549,22.19282067,1,2,1,2,2,2,2,2
0.0,2.91e-11,0.0,0.0,0.0,2.711483395,53.57277607,29.45428549,2,1,2,2,2,2,2,0
0.0,0.0,2.91e-11,0.0,0.0,0.0,2.711483395,53.57277607,1,2,2,2,2,2,0,0
0.0,0.0,0.0,2.91e-11,0.0,0.0,0.0,2.711483395,2,2,2,2,2,0,0,0
0.0,0.0,0.0,0.0,2.91e-11,0.0,0.0,0.0,2,2,2,2,0,0,0,2
0.0,0.0,0.0,0.0,0.0,2.91e-11,0.0,0.0,2,2,2,0,0,0,2,0
1425.879127,0.0,0.0,0.0,0.0,0.0,2.91e-11,0.0,2,2,0,0,0,2,0,2
0.0,1425.879127,0.0,0.0,0.0,0.0,0.0,2.91e-11,2,0,0,0,2,0,2,2
0.0,0.0,1425.879127,0.0,0.0,0.0,0.0,0.0,0,0,0,2,0,2,2,2
3.858036763,0.0,0.0,1425.879127,0.0,0.0,0.0,0.0,0,0,2,0,2,2,2,1
0.0,3.858036763,0.0,0.0,1425.879127,0.0,0.0,0.0,0,2,0,2,2,2,1,0
75.83168123,0.0,3.858036763,0.0,0.0,1425.879127,0.0,0.0,2,0,2,2,2,1,0,2
22.91649439,75.83168123,0.0,3.858036763,0.0,0.0,1425.879127,0.0,0,2,2,2,1,0,2,2
0.0,22.91649439,75.83168123,0.0,3.858036763,0.0,0.0,1425.879127,2,2,2,1,0,2,2,2
4.875073125,0.0,22.91649439,75.83168123,0.0,3.858036763,0.0,0.0,2,2,1,0,2,2,2,1
0.0,4.875073125,0.0,22.91649439,75.83168123,0.0,3.858036763,0.0,2,1,0,2,2,2,1,0
25.83661421,0.0,4.875073125,0.0,22.91649439,75.83168123,0.0,3.858036763,1,0,2,2,2,1,0,1
0.83040205,25.83661421,0.0,4.875073125,0.0,22.91649439,75.83168123,0.0,0,2,2,2,1,0,1,2
2.279071971,0.83040205,25.83661421,0.0,4.875073125,0.0,22.91649439,75.83168123,2,2,2,1,0,1,2,2
0.0,2.279071971,0.83040205,25.83661421,0.0,4.875073125,0.0,22.91649439,2,2,1,0,1,2,2,2
7.081955144,0.0,2.279071971,0.83040205,25.83661421,0.0,4.875073125,0.0,2,1,0,1,2,2,2,2
131.3810539,7.081955144,0.0,2.279071971,0.83040205,25.83661421,0.0,4.875073125,1,0,1,2,2,2,2,2
0.0,131.3810539,7.081955144,0.0,2.279071971,0.83040205,25.83661421,0.0,0,1,2,2,2,2,2,2
0.0,0.0,131.3810539,7.081955144,0.0,2.279071971,0.83040205,25.83661421,1,2,2,2,2,2,2,0
0.0,0.0,0.0,131.3810539,7.081955144,0.0,2.279071971,0.83040205,2,2,2,2,2,2,0,0
114.1351258,0.0,0.0,0.0,131.3810539,7.081955144,0.0,2.279071971,2,2,2,2,2,0,0,2
3.627463149,114.1351258,0.0,0.0,0.0,131.3810539,7.081955144,0.0,2,2,2,2,0,0,2,2
0.0,3.627463149,114.1351258,0.0,0.0,0.0,131.3810539,7.081955144,2,2,2,0,0,2,2,2
2.91e-11,0.0,3.627463149,114.1351258,0.0,0.0,0.0,131.3810539,2,2,0,0,2,2,2,2
0.0,2.91e-11,0.0,3.627463149,114.1351258,0.0,0.0,0.0,2,0,0,2,2,2,2,2
1.7062828,0.0,2.91e-11,0.0,3.627463149,114.1351258,0.0,0.0,0,0,2,2,2,2,2,2
0.0,1.7062828,0.0,2.91e-11,0.0,3.627463149,114.1351258,0.0,0,2,2,2,2,2,2,0
0.0,0.0,1.7062828,0.0,2.91e-11,0.0,3.627463149,114.1351258,2,2,2,2,2,2,0,2
0.854493792,0.0,0.0,1.7062828,0.0,2.91e-11,0.0,3.627463149,2,2,2,2,2,0,2,1
0.0,0.854493792,0.0,0.0,1.7062828,0.0,2.91e-11,0.0,2,2,2,2,0,2,1,0
26.51131022,0.0,0.854493792,0.0,0.0,1.7062828,0.0,2.91e-11,2,2,2,0,2,1,0,2
0.0,26.51131022,0.0,0.854493792,0.0,0.0,1.7062828,0.0,2,2,0,2,1,0,2,2
0.0,0.0,26.51131022,0.0,0.854493792,0.0,0.0,1.7062828,2,0,2,1,0,2,2,0
0.0,0.0,0.0,26.51131022,0.0,0.854493792,0.0,0.0,0,2,1,0,2,2,0,2
0.0,0.0,0.0,0.0,26.51131022,0.0,0.854493792,0.0,2,1,0,2,2,0,2,0
0.0,0.0,0.0,0.0,0.0,26.51131022,0.0,0.854493792,1,0,2,2,0,2,0,0
0.0,0.0,0.0,0.0,0.0,0.0,26.51131022,0.0,0,2,2,0,2,0,0,0
0.256379271,0.0,0.0,0.0,0.0,0.0,0.0,26.51131022,2,2,0,2,0,0,0,2
156.4697015,0.256379271,0.0,0.0,0.0,0.0,0.0,0.0,2,0,2,0,0,0,2,1
2.91e-11,156.4697015,0.256379271,0.0,0.0,0.0,0.0,0.0,0,2,0,0,0,2,1,2
0.0,2.91e-11,156.4697015,0.256379271,0.0,0.0,0.0,0.0,2,0,0,0,2,1,2,0
0.0,0.0,2.91e-11,156.4697015,0.256379271,0.0,0.0,0.0,0,0,0,2,1,2,0,0
0.0,0.0,0.0,2.91e-11,156.4697015,0.256379271,0.0,0.0,0,0,2,1,2,0,0,0
0.0,0.0,0.0,0.0,2.91e-11,156.4697015,0.256379271,0.0,0,2,1,2,0,0,0,2
7.064500278,0.0,0.0,0.0,0.0,2.91e-11,156.4697015,0.256379271,2,1,2,0,0,0,2,1
1053.426532,7.064500278,0.0,0.0,0.0,0.0,2.91e-11,156.4697015,1,2,0,0,0,2,1,2
0.0,1053.426532,7.064500278,0.0,0.0,0.0,0.0,2.91e-11,2,0,0,0,2,1,2,0
0.0,0.0,1053.426532,7.064500278,0.0,0.0,0.0,0.0,0,0,0,2,1,2,0,1
44.87412703,0.0,0.0,1053.426532,7.064500278,0.0,0.0,0.0,0,0,2,1,2,0,1,2
0.0,44.87412703,0.0,0.0,1053.426532,7.064500278,0.0,0.0,0,2,1,2,0,1,2,2
0.0,0.0,44.87412703,0.0,0.0,1053.426532,7.064500278,0.0,2,1,2,0,1,2,2,0
48.68688821,0.0,0.0,44.87412703,0.0,0.0,1053.426532,7.064500278,1,2,0,1,2,2,0,1
0.0,48.68688821,0.0,0.0,44.87412703,0.0,0.0,1053.426532,2,0,1,2,2,0,1,2
0.0,0.0,48.68688821,0.0,0.0,44.87412703,0.0,0.0,0,1,2,2,0,1,2,0
0.0,0.0,0.0,48.68688821,0.0,0.0,44.87412703,0.0,1,2,2,0,1,2,0,0
0.0,0.0,0.0,0.0,48.68688821,0.0,0.0,44.87412703,2,2,0,1,2,0,0,2
0.0,0.0,0.0,0.0,0.0,48.68688821,0.0,0.0,2,0,1,2,0,0,2,0
0.0,0.0,0.0,0.0,0.0,0.0,48.68688821,0.0,0,1,2,0,0,2,0,2
0.0,0.0,0.0,0.0,0.0,0.0,0.0,48.68688821,1,2,0,0,2,0,2,0
1420.641217,0.0,0.0,0.0,0.0,0.0,0.0,0.0,2,0,0,2,0,2,0,2
0.0,1420.641217,0.0,0.0,0.0,0.0,0.0,0.0,0,0,2,0,2,0,2,2
0.0,0.0,1420.641217,0.0,0.0,0.0,0.0,0.0,0,2,0,2,0,2,2,0
0.0,0.0,0.0,1420.641217,0.0,0.0,0.0,0.0,2,0,2,0,2,2,0,2
0.0,0.0,0.0,0.0,1420.641217,0.0,0.0,0.0,0,2,0,2,2,0,2,2
41.54101952,0.0,0.0,0.0,0.0,1420.641217,0.0,0.0,2,0,2,2,0,2,2,2
1195.094566,41.54101952,0.0,0.0,0.0,0.0,1420.641217,0.0,0,2,2,0,2,2,2,2
123.3952204,1195.094566,41.54101952,0.0,0.0,0.0,0.0,1420.641217,2,2,0,2,2,2,2,2
0.0,123.3952204,1195.094566,41.54101952,0.0,0.0,0.0,0.0,2,0,2,2,2,2,2,2
0.0,0.0,123.3952204,1195.094566,41.54101952,0.0,0.0,0.0,0,2,2,2,2,2,2,0
0.0,0.0,0.0,123.3952204,1195.094566,41.54101952,0.0,0.0,2,2,2,2,2,2,0,0
0.0,0.0,0.0,0.0,123.3952204,1195.094566,41.54101952,0.0,2,2,2,2,2,0,0,0
0.0,0.0,0.0,0.0,0.0,123.3952204,1195.094566,41.54101952,2,2,2,2,0,0,0,2
0.0,0.0,0.0,0.0,0.0,0.0,123.3952204,1195.094566,2,2,2,0,0,0,2,1
744.9501311,0.0,0.0,0.0,0.0,0.0,0.0,123.3952204,2,2,0,0,0,2,1,2
32.34533194,744.9501311,0.0,0.0,0.0,0.0,0.0,0.0,2,0,0,0,2,1,2,2
0.0,32.34533194,744.9501311,0.0,0.0,0.0,0.0,0.0,0,0,0,2,1,2,2,2
0.0,0.0,32.34533194,744.9501311,0.0,0.0,0.0,0.0,0,0,2,1,2,2,2,2
0.0,0.0,0.0,32.34533194,744.9501311,0.0,0.0,0.0,0,2,1,2,2,2,2,0
0.0,0.0,0.0,0.0,32.34533194,744.9501311,0.0,0.0,2,1,2,2,2,2,0,2
0.0,0.0,0.0,0.0,0.0,32.34533194,744.9501311,0.0,1,2,2,2,2,0,2,0
0.0,0.0,0.0,0.0,0.0,0.0,32.34533194,744.9501311,2,2,2,2,0,2,0,0
0.0,0.0,0.0,0.0,0.0,0.0,0.0,32.34533194,2,2,2,0,2,0,0,1
0.0,0.0,0.0,0.0,0.0,0.0,0.0,0.0,2,2,0,2,0,0,1,2
0.0,0.0,0.0,0.0,0.0,0.0,0.0,0.0,2,0,2,0,0,1,2,1
65.70771933,0.0,0.0,0.0,0.0,0.0,0.0,0.0,0,2,0,0,1,2,1,2
0.0,65.70771933,0.0,0.0,0.0,0.0,0.0,0.0,2,0,0,1,2,1,2,2
54.77317528,0.0,65.70771933,0.0,0.0,0.0,0.0,0.0,0,0,1,2,1,2,2,2
0.0,54.77317528,0.0,65.70771933,0.0,0.0,0.0,0.0,0,1,2,1,2,2,2,0
0.0,0.0,54.77317528,0.0,65.70771933,0.0,0.0,0.0,1,2,1,2,2,2,0,0
92.15739678,0.0,0.0,54.77317528,0.0,65.70771933,0.0,0.0,2,1,2,2,2,0,0,2
0.0,92.15739678,0.0,0.0,54.77317528,0.0,65.70771933,0.0,1,2,2,2,0,0,2,0
0.0,0.0,92.15739678,0.0,0.0,54.77317528,0.0,65.70771933,2,2,2,0,0,2,0,2
8.47869749,0.0,0.0,92.15739678,0.0,0.0,54.77317528,0.0,2,2,0,0,2,0,2,2
0.0,8.47869749,0.0,0.0,92.15739678,0.0,0.0,54.77317528,2,0,0,2,0,2,2,1
6.630484365,0.0,8.47869749,0.0,0.0,92.15739678,0.0,0.0,0,0,2,0,2,2,1,2
0.0,6.630484365,0.0,8.47869749,0.0,0.0,92.15739678,0.0,0,2,0,2,2,1,2,0
0.0,0.0,6.630484365,0.0,8.47869749,0.0,0.0,92.15739678,2,0,2,2,1,2,0,2
318.1704204,0.0,0.0,6.630484365,0.0,8.47869749,0.0,0.0,0,2,2,1,2,0,2,2
16.86476496,318.1704204,0.0,0.0,6.630484365,0.0,8.47869749,0.0,2,2,1,2,0,2,2,2
0.0,16.86476496,318.1704204,0.0,0.0,6.630484365,0.0,8.47869749,2,1,2,0,2,2,2,0
0.0,0.0,16.86476496,318.1704204,0.0,0.0,6.630484365,0.0,1,2,0,2,2,2,0,2
0.56959572,0.0,0.0,16.86476496,318.1704204,0.0,0.0,6.630484365,2,0,2,2,2,0,2,2
0.0,0.56959572,0.0,0.0,16.86476496,318.1704204,0.0,0.0,0,2,2,2,0,2,2,2
0.0,0.0,0.56959572,0.0,0.0,16.86476496,318.1704204,0.0,2,2,2,0,2,2,2,0
22.01086221,0.0,0.0,0.56959572,0.0,0.0,16.86476496,318.1704204,2,2,0,2,2,2,0,2
0.0,22.01086221,0.0,0.0,0.56959572,0.0,0.0,16.86476496,2,0,2,2,2,0,2,2
0.0,0.0,22.01086221,0.0,0.0,0.56959572,0.0,0.0,0,2,2,2,0,2,2,0
43.73235615,0.0,0.0,22.01086221,0.0,0.0,0.56959572,0.0,2,2,2,0,2,2,0,2
0.0,43.73235615,0.0,0.0,22.01086221,0.0,0.0,0.56959572,2,2,0,2,2,0,2,0
0.0,0.0,43.73235615,0.0,0.0,22.01086221,0.0,0.0,2,0,2,2,0,2,0,0
1.174855326,0.0,0.0,43.73235615,0.0,0.0,22.01086221,0.0,0,2,2,0,2,0,0,2
4.343118249,1.174855326,0.0,0.0,43.73235615,0.0,0.0,22.01086221,2,2,0,2,0,0,2,2
18.09067098,4.343118249,1.174855326,0.0,0.0,43.73235615,0.0,0.0,2,0,2,0,0,2,2,1
0.0,18.09067098,4.343118249,1.174855326,0.0,0.0,43.73235615,0.0,0,2,0,0,2,2,1,0
1.639477208,0.0,18.09067098,4.343118249,1.174855326,0.0,0.0,43.73235615,2,0,0,2,2,1,0,2
0.0,1.639477208,0.0,18.09067098,4.343118249,1.174855326,0.0,0.0,0,0,2,2,1,0,2,2
50.2466625,0.0,1.639477208,0.0,18.09067098,4.343118249,1.174855326,0.0,0,2,2,1,0,2,2,2
2.91e-11,50.2466625,0.0,1.639477208,0.0,18.09067098,4.343118249,1.174855326,2,2,1,0,2,2,2,2
20.88567181,2.91e-11,50.2466625,0.0,1.639477208,0.0,18.09067098,4.343118249,2,1,0,2,2,2,2,2
0.0,20.88567181,2.91e-11,50.2466625,0.0,1.639477208,0.0,18.09067098,1,0,2,2,2,2,2,0
7.222894454,0.0,20.88567181,2.91e-11,50.2466625,0.0,1.639477208,0.0,0,2,2,2,2,2,0,1
0.0,7.222894454,0.0,20.88567181,2.91e-11,50.2466625,0.0,1.639477208,2,2,2,2,2,0,1,0
0.0,0.0,7.222894454,0.0,20.88567181,2.91e-11,50.2466625,0.0,2,2,2,2,0,1,0,2
0.0,0.0,0.0,7.222894454,0.0,20.88567181,2.91e-11,50.2466625,2,2,2,0,1,0,2,0
0.0,0.0,0.0,0.0,7.222894454,0.0,20.88567181,2.91e-11,2,2,0,1,0,2,0,0
0.0,0.0,0.0,0.0,0.0,7.222894454,0.0,20.88567181,2,0,1,0,2,0,0,0
0.0,0.0,0.0,0.0,0.0,0.0,7.222894454,0.0,0,1,0,2,0,0,0,1
0.0,0.0,0.0,0.0,0.0,0.0,0.0,7.222894454,1,0,2,0,0,0,1,1
42.77762882,0.0,0.0,0.0,0.0,0.0,0.0,0.0,0,2,0,0,0,1,1,2
0.0,42.77762882,0.0,0.0,0.0,0.0,0.0,0.0,2,0,0,0,1,1,2,2
245.4884293,0.0,42.77762882,0.0,0.0,0.0,0.0,0.0,0,0,0,1,1,2,2,2
0.0,245.4884293,0.0,42.77762882,0.0,0.0,0.0,0.0,0,0,1,1,2,2,2,0
2.91e-11,0.0,245.4884293,0.0,42.77762882,0.0,0.0,0.0,0,1,1,2,2,2,0,2
39.88899799,2.91e-11,0.0,245.4884293,0.0,42.77762882,0.0,0.0,1,1,2,2,2,0,2,2
19.26458689,39.88899799,2.91e-11,0.0,245.4884293,0.0,42.77762882,0.0,1,2,2,2,0,2,2,2
0.578769871,19.26458689,39.88899799,2.91e-11,0.0,245.4884293,0.0,42.77762882,2,2,2,0,2,2,2,1
0.0,0.578769871,19.26458689,39.88899799,2.91e-11,0.0,245.4884293,0.0,2,2,0,2,2,2,1,0
0.0,0.0,0.578769871,19.26458689,39.88899799,2.91e-11,0.0,245.4884293,2,0,2,2,2,1,0,1
18.31621267,0.0,0.0,0.578769871,19.26458689,39.88899799,2.91e-11,0.0,0,2,2,2,1,0,1,1
337.2089558,18.31621267,0.0,0.0,0.578769871,19.26458689,39.88899799,2.91e-11,2,2,2,1,0,1,1,2
0.0,337.2089558,18.31621267,0.0,0.0,0.578769871,19.26458689,39.88899799,2,2,1,0,1,1,2,0
186.9328008,0.0,337.2089558,18.31621267,0.0,0.0,0.578769871,19.26458689,2,1,0,1,1,2,0,2
14.38159532,186.9328008,0.0,337.2089558,18.31621267,0.0,0.0,0.578769871,1,0,1,1,2,0,2,1
0.0,14.38159532,186.9328008,0.0,337.2089558,18.31621267,0.0,0.0,0,1,1,2,0,2,1,0
83.02973713,0.0,14.38159532,186.9328008,0.0,337.2089558,18.31621267,0.0,1,1,2,0,2,1,0,2
0.0,83.02973713,0.0,14.38159532,186.9328008,0.0,337.2089558,18.31621267,1,2,0,2,1,0,2,1
0.0,0.0,83.02973713,0.0,14.38159532,186.9328008,0.0,337.2089558,2,0,2,1,0,2,1,1
184.9882056,0.0,0.0,83.02973713,0.0,14.38159532,186.9328008,0.0,0,2,1,0,2,1,1,2
0.0,184.9882056,0.0,0.0,83.02973713,0.0,14.38159532,186.9328008,2,1,0,2,1,1,2,0
83.50441856,0.0,184.9882056,0.0,0.0,83.02973713,0.0,14.38159532,1,0,2,1,1,2,0,2
0.0,83.50441856,0.0,184.9882056,0.0,0.0,83.02973713,0.0,0,2,1,1,2,0,2,0
0.0,0.0,83.50441856,0.0,184.9882056,0.0,0.0,83.02973713,2,1,1,2,0,2,0,0
59.16361493,0.0,0.0,83.50441856,0.0,184.9882056,0.0,0.0,1,1,2,0,2,0,0,2
0.0,59.16361493,0.0,0.0,83.50441856,0.0,184.9882056,0.0,1,2,0,2,0,0,2,0
0.0,0.0,59.16361493,0.0,0.0,83.50441856,0.0,184.9882056,2,0,2,0,0,2,0,2
1115.647466,0.0,0.0,59.16361493,0.0,0.0,83.50441856,0.0,0,2,0,0,2,0,2,1
17.66356442,1115.647466,0.0,0.0,59.16361493,0.0,0.0,83.50441856,2,0,0,2,0,2,1,2
0.0,17.66356442,1115.647466,0.0,0.0,59.16361493,0.0,0.0,0,0,2,0,2,1,2,1
0.0,0.0,17.66356442,1115.647466,0.0,0.0,59.16361493,0.0,0,2,0,2,1,2,1,1
0.0,0.0,0.0,17.66356442,1115.647466,0.0,0.0,59.16361493,2,0,2,1,2,1,1,1
0.0,0.0,0.0,0.0,17.66356442,1115.647466,0.0,0.0,0,2,1,2,1,1,1,2
76.34027206,0.0,0.0,0.0,0.0,17.66356442,1115.647466,0.0,2,1,2,1,1,1,2,2
2.91e-11,76.34027206,0.0,0.0,0.0,0.0,17.66356442,1115.647466,1,2,1,1,1,2,2,2
