d1,d2,d3,d4,d5,d6,d7,d8,action
5589.792219,0,0,0,0,0,0,0,H0
0,5589.792219,0,0,0,0,0,0,H1
0,0,5589.792219,0,0,0,0,0,H0
0,0,0,5589.792219,0,0,0,0,H0
0,0,0,0,5589.792219,0,0,0,H8
2788.98275,0,0,0,0,5589.792219,0,0,H2
0,2788.98275,0,0,0,0,5589.792219,0,H0
4029.439186,0,2788.98275,0,0,0,0,5589.792219,H8
0,4029.439186,0,2788.98275,0,0,0,0,H1
0,0,4029.439186,0,2788.98275,0,0,0,H1
0,0,0,4029.439186,0,2788.98275,0,0,H0
0,0,0,0,4029.439186,0,2788.98275,0,H0
0,0,0,0,0,4029.439186,0,2788.98275,H0
0,0,0,0,0,0,4029.439186,0,H9
0,0,0,0,0,0,0,4029.439186,H9
0,0,0,0,0,0,0,0,H0
0,0,0,0,0,0,0,0,H1
0,0,0,0,0,0,0,0,H0
0,0,0,0,0,0,0,0,H1
4253.529065,0,0,0,0,0,0,0,H8
0,4253.529065,0,0,0,0,0,0,H9
0,0,4253.529065,0,0,0,0,0,H1
0,0,0,4253.529065,0,0,0,0,H1
0,0,0,0,4253.529065,0,0,0,H1
0,0,0,0,0,4253.529065,0,0,H1
0,0,0,0,0,0,4253.529065,0,H0
0,0,0,0,0,0,0,4253.529065,H0
0,0,0,0,0,0,0,0,H9
0,0,0,0,0,0,0,0,H1
8268.258838,0,0,0,0,0,0,0,H2
0,8268.258838,0,0,0,0,0,0,H1
3674.530847,0,8268.258838,0,0,0,0,0,H8
0,3674.530847,0,8268.258838,0,0,0,0,H1
0,0,3674.530847,0,8268.258838,0,0,0,H1
5601.53083,0,0,3674.530847,0,8268.258838,0,0,H8
0,5601.53083,0,0,3674.530847,0,8268.258838,0,H1
0,0,5601.53083,0,0,3674.530847,0,8268.258838,H0
0,0,0,5601.53083,0,0,3674.530847,0,H0
7366.071753,0,0,0,5601.53083,0,0,3674.530847,H8
0,7366.071753,0,0,0,5601.53083,0,0,H1
392.8730323,0,7366.071753,0,0,0,5601.53083,0,H8
0,392.8730323,0,7366.071753,0,0,0,5601.53083,H0
0,0,392.8730323,0,7366.071753,0,0,0,H1
0,0,0,392.8730323,0,7366.071753,0,0,H1
0,0,0,0,392.8730323,0,7366.071753,0,H9
97.37997016,0,0,0,0,392.8730323,0,7366.071753,H8
0,97.37997016,0,0,0,0,392.8730323,0,H1
0,0,97.37997016,0,0,0,0,392.8730323,H1
3257.4608,0,0,97.37997016,0,0,0,0,H8
8185.983776,3257.4608,0,0,97.37997016,0,0,0,H8
3833.628009,8185.983776,3257.4608,0,0,97.37997016,0,0,H8
0,3833.628009,8185.983776,3257.4608,0,0,97.37997016,0,H0
0,0,3833.628009,8185.983776,3257.4608,0,0,97.37997016,H0
0,0,0,3833.628009,8185.983776,3257.4608,0,0,H0
0,0,0,0,3833.628009,8185.983776,3257.4608,0,H1
2140.667489,0,0,0,0,3833.628009,8185.983776,3257.4608,H8
0,2140.667489,0,0,0,0,3833.628009,8185.983776,H0
0,0,2140.667489,0,0,0,0,3833.628009,H0
2576.207472,0,0,2140.667489,0,0,0,0,H8
6945.605097,2576.207472,0,0,2140.667489,0,0,0,H8
2937.01004,6945.605097,2576.207472,0,0,2140.667489,0,0,H8
421.5040663,2937.01004,6945.605097,2576.207472,0,0,2140.667489,0,H8
0,421.5040663,2937.01004,6945.605097,2576.207472,0,0,2140.667489,H0
284.7288526,0,421.5040663,2937.01004,6945.605097,2576.207472,0,0,H8
698.2828828,284.7288526,0,421.5040663,2937.01004,6945.605097,2576.207472,0,H8
0,698.2828828,284.7288526,0,421.5040663,2937.01004,6945.605097,2576.207472,H8
5113.905234,0,698.2828828,284.7288526,0,421.5040663,2937.01004,6945.605097,H8
2477.70817,5113.905234,0,698.2828828,284.7288526,0,421.5040663,2937.01004,H8
2048.177763,2477.70817,5113.905234,0,698.2828828,284.7288526,0,421.5040663,H8
2489.969765,2048.177763,2477.70817,5113.905234,0,698.2828828,284.7288526,0,H8
2038.783578,2489.969765,2048.177763,2477.70817,5113.905234,0,698.2828828,284.7288526,H8
2201.905993,2038.783578,2489.969765,2048.177763,2477.70817,5113.905234,0,698.2828828,H8
2537.545407,2201.905993,2038.783578,2489.969765,2048.177763,2477.70817,5113.905234,0,H8
4513.275017,2537.545407,2201.905993,2038.783578,2489.969765,2048.177763,2477.70817,5113.905234,H8
0,4513.275017,2537.545407,2201.905993,2038.783578,2489.969765,2048.177763,2477.70817,H0
651.6271073,0,4513.275017,2537.545407,2201.905993,2038.783578,2489.969765,2048.177763,H8
3706.228434,651.6271073,0,4513.275017,2537.545407,2201.905993,2038.783578,2489.969765,H8
1958.832206,3706.228434,651.6271073,0,4513.275017,2537.545407,2201.905993,2038.783578,H8
806.8378245,1958.832206,3706.228434,651.6271073,0,4513.275017,2537.545407,2201.905993,H8
0,806.8378245,1958.832206,3706.228434,651.6271073,0,4513.275017,2537.545407,H1
0,0,806.8378245,1958.832206,3706.228434,651.6271073,0,4513.275017,H1
0,0,0,806.8378245,1958.832206,3706.228434,651.6271073,0,H9
0,0,0,0,806.8378245,1958.832206,3706.228434,651.6271073,H0
351.9841956,0,0,0,0,806.8378245,1958.832206,3706.228434,H8
3463.144196,351.9841956,0,0,0,0,806.8378245,1958.832206,H8
0,3463.144196,351.9841956,0,0,0,0,806.8378245,H8
4467.213586,0,3463.144196,351.9841956,0,0,0,0,H8
246.1903678,4467.213586,0,3463.144196,351.9841956,0,0,0,H8
0,246.1903678,4467.213586,0,3463.144196,351.9841956,0,0,H1
1682.581827,0,246.1903678,4467.213586,0,3463.144196,351.9841956,0,H8
563.1793347,1682.581827,0,246.1903678,4467.213586,0,3463.144196,351.9841956,H8
705.2033917,563.1793347,1682.581827,0,246.1903678,4467.213586,0,3463.144196,H8
0,705.2033917,563.1793347,1682.581827,0,246.1903678,4467.213586,0,H9
0,0,705.2033917,563.1793347,1682.581827,0,246.1903678,4467.213586,H1
47.30931445,0,0,705.2033917,563.1793347,1682.581827,0,246.1903678,H8
2273.652064,47.30931445,0,0,705.2033917,563.1793347,1682.581827,0,H8
0,2273.652064,47.30931445,0,0,705.2033917,563.1793347,1682.581827,H1
374.7668015,0,2273.652064,47.30931445,0,0,705.2033917,563.1793347,H8
4055.340531,374.7668015,0,2273.652064,47.30931445,0,0,705.2033917,H8
0,4055.340531,374.7668015,0,2273.652064,47.30931445,0,0,H1
3473.314662,0,4055.340531,374.7668015,0,2273.652064,47.30931445,0,H8
307.4380596,3473.314662,0,4055.340531,374.7668015,0,2273.652064,47.30931445,H8
1743.344921,307.4380596,3473.314662,0,4055.340531,374.7668015,0,2273.652064,H8
0,1743.344921,307.4380596,3473.314662,0,4055.340531,374.7668015,0,H8
510.5418458,0,1743.344921,307.4380596,3473.314662,0,4055.340531,374.7668015,H8
1395.563506,510.5418458,0,1743.344921,307.4380596,3473.314662,0,4055.340531,H8
1142.44596,1395.563506,510.5418458,0,1743.344921,307.4380596,3473.314662,0,H8
1534.979341,1142.44596,1395.563506,510.5418458,0,1743.344921,307.4380596,3473.314662,H8
0,1534.979341,1142.44596,1395.563506,510.5418458,0,1743.344921,307.4380596,H0
1555.762813,0,1534.979341,1142.44596,1395.563506,510.5418458,0,1743.344921,H8
379.0755168,1555.762813,0,1534.979341,1142.44596,1395.563506,510.5418458,0,H8
1050.973191,379.0755168,1555.762813,0,1534.979341,1142.44596,1395.563506,510.5418458,H8
2602.125717,1050.973191,379.0755168,1555.762813,0,1534.979341,1142.44596,1395.563506,H8
3913.657236,2602.125717,1050.973191,379.0755168,1555.762813,0,1534.979341,1142.44596,H8
983.6430891,3913.657236,2602.125717,1050.973191,379.0755168,1555.762813,0,1534.979341,H8
0,983.6430891,3913.657236,2602.125717,1050.973191,379.0755168,1555.762813,0,H9
2830.572389,0,983.6430891,3913.657236,2602.125717,1050.973191,379.0755168,1555.762813,H8
0,2830.572389,0,983.6430891,3913.657236,2602.125717,1050.973191,379.0755168,H1
287.0788374,0,2830.572389,0,983.6430891,3913.657236,2602.125717,1050.973191,H8
0,287.0788374,0,2830.572389,0,983.6430891,3913.657236,2602.125717,H1
0,0,287.0788374,0,2830.572389,0,983.6430891,3913.657236,H0
327.5227174,0,0,287.0788374,0,2830.572389,0,983.6430891,H8
0,327.5227174,0,0,287.0788374,0,2830.572389,0,H0
42.94425,0,327.5227174,0,0,287.0788374,0,2830.572389,H8
742.8994378,42.94425,0,327.5227174,0,0,287.0788374,0,H8
470.3783483,742.8994378,42.94425,0,327.5227174,0,0,287.0788374,H8
0,470.3783483,742.8994378,42.94425,0,327.5227174,0,0,H9
475.3225851,0,470.3783483,742.8994378,42.94425,0,327.5227174,0,H8
1457.410445,475.3225851,0,470.3783483,742.8994378,42.94425,0,327.5227174,H8
3640.627759,1457.410445,475.3225851,0,470.3783483,742.8994378,42.94425,0,H8
431.721521,3640.627759,1457.410445,475.3225851,0,470.3783483,742.8994378,42.94425,H8
157.2384096,431.721521,3640.627759,1457.410445,475.3225851,0,470.3783483,742.8994378,H8
18.43871184,157.2384096,431.721521,3640.627759,1457.410445,475.3225851,0,470.3783483,H8
1576.976823,18.43871184,157.2384096,431.721521,3640.627759,1457.410445,475.3225851,0,H8
399.6461229,1576.976823,18.43871184,157.2384096,431.721521,3640.627759,1457.410445,475.3225851,H8
60.12281331,399.6461229,1576.976823,18.43871184,157.2384096,431.721521,3640.627759,1457.410445,H8
0,60.12281331,399.6461229,1576.976823,18.43871184,157.2384096,431.721521,3640.627759,H0
1963.736332,0,60.12281331,399.6461229,1576.976823,18.43871184,157.2384096,431.721521,H8
0,1963.736332,0,60.12281331,399.6461229,1576.976823,18.43871184,157.2384096,H0
2084.163836,0,1963.736332,0,60.12281331,399.6461229,1576.976823,18.43871184,H5
0,2084.163836,0,1963.736332,0,60.12281331,399.6461229,1576.976823,H0
236.1254913,0,2084.163836,0,1963.736332,0,60.12281331,399.6461229,H8
1270.207416,236.1254913,0,2084.163836,0,1963.736332,0,60.12281331,H8
147.5147013,1270.207416,236.1254913,0,2084.163836,0,1963.736332,0,H8
22.61941709,147.5147013,1270.207416,236.1254913,0,2084.163836,0,1963.736332,H8
1455.120299,22.61941709,147.5147013,1270.207416,236.1254913,0,2084.163836,0,H8
1613.2636,1455.120299,22.61941709,147.5147013,1270.207416,236.1254913,0,2084.163836,H8
776.588998,1613.2636,1455.120299,22.61941709,147.5147013,1270.207416,236.1254913,0,H8
592.9900919,776.588998,1613.2636,1455.120299,22.61941709,147.5147013,1270.207416,236.1254913,H8
711.6856187,592.9900919,776.588998,1613.2636,1455.120299,22.61941709,147.5147013,1270.207416,H8
3039.35989,711.6856187,592.9900919,776.588998,1613.2636,1455.120299,22.61941709,147.5147013,H8
1095.100489,3039.35989,711.6856187,592.9900919,776.588998,1613.2636,1455.120299,22.61941709,H8
847.4431219,1095.100489,3039.35989,711.6856187,592.9900919,776.588998,1613.2636,1455.120299,H8
0,847.4431219,1095.100489,3039.35989,711.6856187,592.9900919,776.588998,1613.2636,H9
1968.334547,0,847.4431219,1095.100489,3039.35989,711.6856187,592.9900919,776.588998,H8
0,1968.334547,0,847.4431219,1095.100489,3039.35989,711.6856187,592.9900919,H6
250.4687379,0,1968.334547,0,847.4431219,1095.100489,3039.35989,711.6856187,H8
696.2676081,250.4687379,0,1968.334547,0,847.4431219,1095.100489,3039.35989,H8
143.8294694,696.2676081,250.4687379,0,1968.334547,0,847.4431219,1095.100489,H8
541.8367157,143.8294694,696.2676081,250.4687379,0,1968.334547,0,847.4431219,H8
25.45286919,541.8367157,143.8294694,696.2676081,250.4687379,0,1968.334547,0,H8
139.4465494,25.45286919,541.8367157,143.8294694,696.2676081,250.4687379,0,1968.334547,H8
13202.23989,139.4465494,25.45286919,541.8367157,143.8294694,696.2676081,250.4687379,0,H5
0,13202.23989,139.4465494,25.45286919,541.8367157,143.8294694,696.2676081,250.4687379,H1
206.2351233,0,13202.23989,139.4465494,25.45286919,541.8367157,143.8294694,696.2676081,H8
0,206.2351233,0,13202.23989,139.4465494,25.45286919,541.8367157,143.8294694,H0
257.7039622,0,206.2351233,0,13202.23989,139.4465494,25.45286919,541.8367157,H8
0,257.7039622,0,206.2351233,0,13202.23989,139.4465494,25.45286919,H0
0,0,257.7039622,0,206.2351233,0,13202.23989,139.4465494,H8
572.5902678,0,0,257.7039622,0,206.2351233,0,13202.23989,H8
3535.968024,572.5902678,0,0,257.7039622,0,206.2351233,0,H4
0.106661874,3535.968024,572.5902678,0,0,257.7039622,0,206.2351233,H8
2580.81821,0.106661874,3535.968024,572.5902678,0,0,257.7039622,0,H8
2507.8391,2580.81821,0.106661874,3535.968024,572.5902678,0,0,257.7039622,H5
1743.052142,2507.8391,2580.81821,0.106661874,3535.968024,572.5902678,0,0,H8
95.15352844,1743.052142,2507.8391,2580.81821,0.106661874,3535.968024,572.5902678,0,H8
1671.055241,95.15352844,1743.052142,2507.8391,2580.81821,0.106661874,3535.968024,572.5902678,H8
0,1671.055241,95.15352844,1743.052142,2507.8391,2580.81821,0.106661874,3535.968024,H1
2423.014575,0,1671.055241,95.15352844,1743.052142,2507.8391,2580.81821,0.106661874,H8
0,2423.014575,0,1671.055241,95.15352844,1743.052142,2507.8391,2580.81821,H9
20.34032171,0,2423.014575,0,1671.055241,95.15352844,1743.052142,2507.8391,H8
1284.596957,20.34032171,0,2423.014575,0,1671.055241,95.15352844,1743.052142,H8
281.5991704,1284.596957,20.34032171,0,2423.014575,0,1671.055241,95.15352844,H8
2351.797631,281.5991704,1284.596957,20.34032171,0,2423.014575,0,1671.055241,H8
165.0283372,2351.797631,281.5991704,1284.596957,20.34032171,0,2423.014575,0,H8
253.8270786,165.0283372,2351.797631,281.5991704,1284.596957,20.34032171,0,2423.014575,H8
0,253.8270786,165.0283372,2351.797631,281.5991704,1284.596957,20.34032171,0,H5
5091.216892,0,253.8270786,165.0283372,2351.797631,281.5991704,1284.596957,20.34032171,H4
0,5091.216892,0,253.8270786,165.0283372,2351.797631,281.5991704,1284.596957,H1
0,0,5091.216892,0,253.8270786,165.0283372,2351.797631,281.5991704,H1
259.8875526,0,0,5091.216892,0,253.8270786,165.0283372,2351.797631,H8
5316.749235,259.8875526,0,0,5091.216892,0,253.8270786,165.0283372,H4
0,5316.749235,259.8875526,0,0,5091.216892,0,253.8270786,H1
0,0,5316.749235,259.8875526,0,0,5091.216892,0,H0
0,0,0,5316.749235,259.8875526,0,0,5091.216892,H1
0,0,0,0,5316.749235,259.8875526,0,0,H0
3519.20948,0,0,0,0,5316.749235,259.8875526,0,H8
776.1519423,3519.20948,0,0,0,0,5316.749235,259.8875526,H8
0,776.1519423,3519.20948,0,0,0,0,5316.749235,H1
417.6076037,0,776.1519423,3519.20948,0,0,0,0,H8
0,417.6076037,0,776.1519423,3519.20948,0,0,0,H0
1152.254124,0,417.6076037,0,776.1519423,3519.20948,0,0,H8
1980.590788,1152.254124,0,417.6076037,0,776.1519423,3519.20948,0,H4
1594.73456,1980.590788,1152.254124,0,417.6076037,0,776.1519423,3519.20948,H8
313.8180439,1594.73456,1980.590788,1152.254124,0,417.6076037,0,776.1519423,H8
6737.283706,313.8180439,1594.73456,1980.590788,1152.254124,0,417.6076037,0,H5
0,6737.283706,313.8180439,1594.73456,1980.590788,1152.254124,0,417.6076037,H0
0,0,6737.283706,313.8180439,1594.73456,1980.590788,1152.254124,0,H1
2732.215046,0,0,6737.283706,313.8180439,1594.73456,1980.590788,1152.254124,H8
2660.50912,2732.215046,0,0,6737.283706,313.8180439,1594.73456,1980.590788,H4
1350.222969,2660.50912,2732.215046,0,0,6737.283706,313.8180439,1594.73456,H8
0,1350.222969,2660.50912,2732.215046,0,0,6737.283706,313.8180439,H0
2913.522834,0,1350.222969,2660.50912,2732.215046,0,0,6737.283706,H8
1434.49332,2913.522834,0,1350.222969,2660.50912,2732.215046,0,0,H8
0,1434.49332,2913.522834,0,1350.222969,2660.50912,2732.215046,0,H1
371.6411329,0,1434.49332,2913.522834,0,1350.222969,2660.50912,2732.215046,H8
9812.687616,371.6411329,0,1434.49332,2913.522834,0,1350.222969,2660.50912,H5
2783.989179,9812.687616,371.6411329,0,1434.49332,2913.522834,0,1350.222969,H8
695.9907445,2783.989179,9812.687616,371.6411329,0,1434.49332,2913.522834,0,H8
83.44852617,695.9907445,2783.989179,9812.687616,371.6411329,0,1434.49332,2913.522834,H8
0,83.44852617,695.9907445,2783.989179,9812.687616,371.6411329,0,1434.49332,H1
218.07858,0,83.44852617,695.9907445,2783.989179,9812.687616,371.6411329,0,H8
1321.995719,218.07858,0,83.44852617,695.9907445,2783.989179,9812.687616,371.6411329,H8
108.3810454,1321.995719,218.07858,0,83.44852617,695.9907445,2783.989179,9812.687616,H8
6.676366197,108.3810454,1321.995719,218.07858,0,83.44852617,695.9907445,2783.989179,H8
1364.89714,6.676366197,108.3810454,1321.995719,218.07858,0,83.44852617,695.9907445,H8
0,1364.89714,6.676366197,108.3810454,1321.995719,218.07858,0,83.44852617,H0
2139.01795,0,1364.89714,6.676366197,108.3810454,1321.995719,218.07858,0,H8
0,2139.01795,0,1364.89714,6.676366197,108.3810454,1321.995719,218.07858,H0
0,0,2139.01795,0,1364.89714,6.676366197,108.3810454,1321.995719,H0
1710.351813,0,0,2139.01795,0,1364.89714,6.676366197,108.3810454,H8
183.2522474,1710.351813,0,0,2139.01795,0,1364.89714,6.676366197,H8
0,183.2522474,1710.351813,0,0,2139.01795,0,1364.89714,H0
0,0,183.2522474,1710.351813,0,0,2139.01795,0,H1
474.1533063,0,0,183.2522474,1710.351813,0,0,2139.01795,H8
0,474.1533063,0,0,183.2522474,1710.351813,0,0,H1
118.8906541,0,474.1533063,0,0,183.2522474,1710.351813,0,H8
0,118.8906541,0,474.1533063,0,0,183.2522474,1710.351813,H1
0,0,118.8906541,0,474.1533063,0,0,183.2522474,H0
0,0,0,118.8906541,0,474.1533063,0,0,H0
0,0,0,0,118.8906541,0,474.1533063,0,H8
0,0,0,0,0,118.8906541,0,474.1533063,H1
1745.230043,0,0,0,0,0,118.8906541,0,H4
0,1745.230043,0,0,0,0,0,118.8906541,H0
1397.875282,0,1745.230043,0,0,0,0,0,H8
0,1397.875282,0,1745.230043,0,0,0,0,H1
464.7573224,0,1397.875282,0,1745.230043,0,0,0,H8
0,464.7573224,0,1397.875282,0,1745.230043,0,0,H9
0,0,464.7573224,0,1397.875282,0,1745.230043,0,H1
199.8934901,0,0,464.7573224,0,1397.875282,0,1745.230043,H8
6115.173267,199.8934901,0,0,464.7573224,0,1397.875282,0,H8
0,6115.173267,199.8934901,0,0,464.7573224,0,1397.875282,H0
0,0,6115.173267,199.8934901,0,0,464.7573224,0,H0
48.01241497,0,0,6115.173267,199.8934901,0,0,464.7573224,H8
0,48.01241497,0,0,6115.173267,199.8934901,0,0,H1
0,0,48.01241497,0,0,6115.173267,199.8934901,0,H9
593.2311163,0,0,48.01241497,0,0,6115.173267,199.8934901,H8
0,593.2311163,0,0,48.01241497,0,0,6115.173267,H1
32.01174268,0,593.2311163,0,0,48.01241497,0,0,H8
337.4126695,32.01174268,0,593.2311163,0,0,48.01241497,0,H8
1285.494709,337.4126695,32.01174268,0,593.2311163,0,0,48.01241497,H8
0,1285.494709,337.4126695,32.01174268,0,593.2311163,0,0,H9
0,0,1285.494709,337.4126695,32.01174268,0,593.2311163,0,H0
442.7650163,0,0,1285.494709,337.4126695,32.01174268,0,593.2311163,H8
332.4220621,442.7650163,0,0,1285.494709,337.4126695,32.01174268,0,H8
0,332.4220621,442.7650163,0,0,1285.494709,337.4126695,32.01174268,H1
0,0,332.4220621,442.7650163,0,0,1285.494709,337.4126695,H8
387.2536883,0,0,332.4220621,442.7650163,0,0,1285.494709,H8
1434.058047,387.2536883,0,0,332.4220621,442.7650163,0,0,H8
97.97223902,1434.058047,387.2536883,0,0,332.4220621,442.7650163,0,H8
0,97.97223902,1434.058047,387.2536883,0,0,332.4220621,442.7650163,H8
0,0,97.97223902,1434.058047,387.2536883,0,0,332.4220621,H1
3840.60157,0,0,97.97223902,1434.058047,387.2536883,0,0,H4
0,3840.60157,0,0,97.97223902,1434.058047,387.2536883,0,H0
0,0,3840.60157,0,0,97.97223902,1434.058047,387.2536883,H8
372.0327204,0,0,3840.60157,0,0,97.97223902,1434.058047,H8
368.4306426,372.0327204,0,0,3840.60157,0,0,97.97223902,H8
0,368.4306426,372.0327204,0,0,3840.60157,0,0,H8
239.1320275,0,368.4306426,372.0327204,0,0,3840.60157,0,H8
0,239.1320275,0,368.4306426,372.0327204,0,0,3840.60157,H0
34.43473451,0,239.1320275,0,368.4306426,372.0327204,0,0,H8
0,34.43473451,0,239.1320275,0,368.4306426,372.0327204,0,H8
135.8198461,0,34.43473451,0,239.1320275,0,368.4306426,372.0327204,H8
2146.279587,135.8198461,0,34.43473451,0,239.1320275,0,368.4306426,H4
0,2146.279587,135.8198461,0,34.43473451,0,239.1320275,0,H1
370.557669,0,2146.279587,135.8198461,0,34.43473451,0,239.1320275,H8
611.3213209,370.557669,0,2146.279587,135.8198461,0,34.43473451,0,H4
0,611.3213209,370.557669,0,2146.279587,135.8198461,0,34.43473451,H8
328.9751206,0,611.3213209,370.557669,0,2146.279587,135.8198461,0,H8
1287.081122,328.9751206,0,611.3213209,370.557669,0,2146.279587,135.8198461,H4
6051.253509,1287.081122,328.9751206,0,611.3213209,370.557669,0,2146.279587,H5
2492.868725,6051.253509,1287.081122,328.9751206,0,611.3213209,370.557669,0,H4
478.8635189,2492.868725,6051.253509,1287.081122,328.9751206,0,611.3213209,370.557669,H4
0,478.8635189,2492.868725,6051.253509,1287.081122,328.9751206,0,611.3213209,H1
2.33E-10,0,478.8635189,2492.868725,6051.253509,1287.081122,328.9751206,0,H5
0,2.33E-10,0,478.8635189,2492.868725,6051.253509,1287.081122,328.9751206,H8
0,0,2.33E-10,0,478.8635189,2492.868725,6051.253509,1287.081122,H0
1368.35224,0,0,2.33E-10,0,478.8635189,2492.868725,6051.253509,H8
559.2031248,1368.35224,0,0,2.33E-10,0,478.8635189,2492.868725,H8
1573.017848,559.2031248,1368.35224,0,0,2.33E-10,0,478.8635189,H8
360.9063986,1573.017848,559.2031248,1368.35224,0,0,2.33E-10,0,H8
0,360.9063986,1573.017848,559.2031248,1368.35224,0,0,2.33E-10,H1
103.9860272,0,360.9063986,1573.017848,559.2031248,1368.35224,0,0,H8
2502.241385,103.9860272,0,360.9063986,1573.017848,559.2031248,1368.35224,0,H5
1848.098434,2502.241385,103.9860272,0,360.9063986,1573.017848,559.2031248,1368.35224,H8
0,1848.098434,2502.241385,103.9860272,0,360.9063986,1573.017848,559.2031248,H1
0,0,1848.098434,2502.241385,103.9860272,0,360.9063986,1573.017848,H0
0,0,0,1848.098434,2502.241385,103.9860272,0,360.9063986,H1
204.5482612,0,0,0,1848.098434,2502.241385,103.9860272,0,H8
248.0974401,204.5482612,0,0,0,1848.098434,2502.241385,103.9860272,H8
136.4819004,248.0974401,204.5482612,0,0,0,1848.098434,2502.241385,H8
0,136.4819004,248.0974401,204.5482612,0,0,0,1848.098434,H1
1549.240134,0,136.4819004,248.0974401,204.5482612,0,0,0,H8
68.74500584,1549.240134,0,136.4819004,248.0974401,204.5482612,0,0,H8
0,68.74500584,1549.240134,0,136.4819004,248.0974401,204.5482612,0,H1
0,0,68.74500584,1549.240134,0,136.4819004,248.0974401,204.5482612,H1
0,0,0,68.74500584,1549.240134,0,136.4819004,248.0974401,H0
0,0,0,0,68.74500584,1549.240134,0,136.4819004,H9
0,0,0,0,0,68.74500584,1549.240134,0,H1
0,0,0,0,0,0,68.74500584,1549.240134,H1
601.4048879,0,0,0,0,0,0,68.74500584,H8
527.634462,601.4048879,0,0,0,0,0,0,H8
80.1228106,527.634462,601.4048879,0,0,0,0,0,H8
5.82E-11,80.1228106,527.634462,601.4048879,0,0,0,0,H8
0,5.82E-11,80.1228106,527.634462,601.4048879,0,0,0,H0
550.1145197,0,5.82E-11,80.1228106,527.634462,601.4048879,0,0,H8
1741.228245,550.1145197,0,5.82E-11,80.1228106,527.634462,601.4048879,0,H4
0,1741.228245,550.1145197,0,5.82E-11,80.1228106,527.634462,601.4048879,H8
136.1034728,0,1741.228245,550.1145197,0,5.82E-11,80.1228106,527.634462,H8
135.9396954,136.1034728,0,1741.228245,550.1145197,0,5.82E-11,80.1228106,H8
0,135.9396954,136.1034728,0,1741.228245,550.1145197,0,5.82E-11,H0
0,0,135.9396954,136.1034728,0,1741.228245,550.1145197,0,H9
1408.407837,0,0,135.9396954,136.1034728,0,1741.228245,550.1145197,H8
331.0218731,1408.407837,0,0,135.9396954,136.1034728,0,1741.228245,H8
1148.87559,331.0218731,1408.407837,0,0,135.9396954,136.1034728,0,H8
199.6652309,1148.87559,331.0218731,1408.407837,0,0,135.9396954,136.1034728,H8
0,199.6652309,1148.87559,331.0218731,1408.407837,0,0,135.9396954,H1
270.6222807,0,199.6652309,1148.87559,331.0218731,1408.407837,0,0,H8
62.75435492,270.6222807,0,199.6652309,1148.87559,331.0218731,1408.407837,0,H8
0,62.75435492,270.6222807,0,199.6652309,1148.87559,331.0218731,1408.407837,H9
0,0,62.75435492,270.6222807,0,199.6652309,1148.87559,331.0218731,H1
0,0,0,62.75435492,270.6222807,0,199.6652309,1148.87559,H8
78.83924078,0,0,0,62.75435492,270.6222807,0,199.6652309,H8
2028.357865,78.83924078,0,0,0,62.75435492,270.6222807,0,H4
659.1305668,2028.357865,78.83924078,0,0,0,62.75435492,270.6222807,H4
174.198347,659.1305668,2028.357865,78.83924078,0,0,0,62.75435492,H8
108.3470504,174.198347,659.1305668,2028.357865,78.83924078,0,0,0,H8
0,108.3470504,174.198347,659.1305668,2028.357865,78.83924078,0,0,H9
505.1749196,0,108.3470504,174.198347,659.1305668,2028.357865,78.83924078,0,H4
1198.916652,505.1749196,0,108.3470504,174.198347,659.1305668,2028.357865,78.83924078,H8
30.5788376,1198.916652,505.1749196,0,108.3470504,174.198347,659.1305668,2028.357865,H8
279.8446272,30.5788376,1198.916652,505.1749196,0,108.3470504,174.198347,659.1305668,H8
242.9690903,279.8446272,30.5788376,1198.916652,505.1749196,0,108.3470504,174.198347,H8
0,242.9690903,279.8446272,30.5788376,1198.916652,505.1749196,0,108.3470504,H9
0,0,242.9690903,279.8446272,30.5788376,1198.916652,505.1749196,0,H1
22.9546261,0,0,242.9690903,279.8446272,30.5788376,1198.916652,505.1749196,H8
426.3624791,22.9546261,0,0,242.9690903,279.8446272,30.5788376,1198.916652,H8
278.1012572,426.3624791,22.9546261,0,0,242.9690903,279.8446272,30.5788376,H8
0,278.1012572,426.3624791,22.9546261,0,0,242.9690903,279.8446272,H0
1465.59977,0,278.1012572,426.3624791,22.9546261,0,0,242.9690903,H8
0,1465.59977,0,278.1012572,426.3624791,22.9546261,0,0,H9
66.79810757,0,1465.59977,0,278.1012572,426.3624791,22.9546261,0,H8
519.2007674,66.79810757,0,1465.59977,0,278.1012572,426.3624791,22.9546261,H8
165.9037248,519.2007674,66.79810757,0,1465.59977,0,278.1012572,426.3624791,H8
244.6558665,165.9037248,519.2007674,66.79810757,0,1465.59977,0,278.1012572,H4
0,244.6558665,165.9037248,519.2007674,66.79810757,0,1465.59977,0,H9
48.63552831,0,244.6558665,165.9037248,519.2007674,66.79810757,0,1465.59977,H8
0,48.63552831,0,244.6558665,165.9037248,519.2007674,66.79810757,0,H0
47.20918427,0,48.63552831,0,244.6558665,165.9037248,519.2007674,66.79810757,H8
0,47.20918427,0,48.63552831,0,244.6558665,165.9037248,519.2007674,H8
45.29693131,0,47.20918427,0,48.63552831,0,244.6558665,165.9037248,H8
0,45.29693131,0,47.20918427,0,48.63552831,0,244.6558665,H1
0,0,45.29693131,0,47.20918427,0,48.63552831,0,H0
25.11483908,0,0,45.29693131,0,47.20918427,0,48.63552831,H8
36.31078153,25.11483908,0,0,45.29693131,0,47.20918427,0,H8
0,36.31078153,25.11483908,0,0,45.29693131,0,47.20918427,H1
332.0600834,0,36.31078153,25.11483908,0,0,45.29693131,0,H8
0,332.0600834,0,36.31078153,25.11483908,0,0,45.29693131,H1
0,0,332.0600834,0,36.31078153,25.11483908,0,0,H1
0,0,0,332.0600834,0,36.31078153,25.11483908,0,H1
0,0,0,0,332.0600834,0,36.31078153,25.11483908,H0
1442.733479,0,0,0,0,332.0600834,0,36.31078153,H5
0,1442.733479,0,0,0,0,332.0600834,0,H1
0,0,1442.733479,0,0,0,0,332.0600834,H1
0,0,0,1442.733479,0,0,0,0,H1
482.3530907,0,0,0,1442.733479,0,0,0,H4
0,482.3530907,0,0,0,1442.733479,0,0,H1
0,0,482.3530907,0,0,0,1442.733479,0,H1
0,0,0,482.3530907,0,0,0,1442.733479,H0
0,0,0,0,482.3530907,0,0,0,H1
309.4960407,0,0,0,0,482.3530907,0,0,H8
211.3318022,309.4960407,0,0,0,0,482.3530907,0,H4
0,211.3318022,309.4960407,0,0,0,0,482.3530907,H0
1259.478838,0,211.3318022,309.4960407,0,0,0,0,H4
8.021144,1259.478838,0,211.3318022,309.4960407,0,0,0,H8
1219.617305,8.021144,1259.478838,0,211.3318022,309.4960407,0,0,H8
0,1219.617305,8.021144,1259.478838,0,211.3318022,309.4960407,0,H8
74.27709491,0,1219.617305,8.021144,1259.478838,0,211.3318022,309.4960407,H8
417.6597045,74.27709491,0,1219.617305,8.021144,1259.478838,0,211.3318022,H8
0,417.6597045,74.27709491,0,1219.617305,8.021144,1259.478838,0,H0
0,0,417.6597045,74.27709491,0,1219.617305,8.021144,1259.478838,H0
0,0,0,417.6597045,74.27709491,0,1219.617305,8.021144,H1
167.9189482,0,0,0,417.6597045,74.27709491,0,1219.617305,H4
1321.947489,167.9189482,0,0,0,417.6597045,74.27709491,0,H8
0,1321.947489,167.9189482,0,0,0,417.6597045,74.27709491,H9
1464.449185,0,1321.947489,167.9189482,0,0,0,417.6597045,H4
0,1464.449185,0,1321.947489,167.9189482,0,0,0,H0
78.23492878,0,1464.449185,0,1321.947489,167.9189482,0,0,H8
0,78.23492878,0,1464.449185,0,1321.947489,167.9189482,0,H1
0,0,78.23492878,0,1464.449185,0,1321.947489,167.9189482,H1
0,0,0,78.23492878,0,1464.449185,0,1321.947489,H1
0,0,0,0,78.23492878,0,1464.449185,0,H1
32.26564467,0,0,0,0,78.23492878,0,1464.449185,H8
0,32.26564467,0,0,0,0,78.23492878,0,H9
498.4608033,0,32.26564467,0,0,0,0,78.23492878,H8
0,498.4608033,0,32.26564467,0,0,0,0,H0
0,0,498.4608033,0,32.26564467,0,0,0,H1
24.41802388,0,0,498.4608033,0,32.26564467,0,0,H8
300.4250915,24.41802388,0,0,498.4608033,0,32.26564467,0,H8
0,300.4250915,24.41802388,0,0,498.4608033,0,32.26564467,H1
49.32199728,0,300.4250915,24.41802388,0,0,498.4608033,0,H8
368.7708866,49.32199728,0,300.4250915,24.41802388,0,0,498.4608033,H4
24.08606784,368.7708866,49.32199728,0,300.4250915,24.41802388,0,0,H8
37.0540293,24.08606784,368.7708866,49.32199728,0,300.4250915,24.41802388,0,H8
0,37.0540293,24.08606784,368.7708866,49.32199728,0,300.4250915,24.41802388,H1
0,0,37.0540293,24.08606784,368.7708866,49.32199728,0,300.4250915,H1
0,0,0,37.0540293,24.08606784,368.7708866,49.32199728,0,H1
0,0,0,0,37.0540293,24.08606784,368.7708866,49.32199728,H1
194.7934799,0,0,0,0,37.0540293,24.08606784,368.7708866,H4
27.53294204,194.7934799,0,0,0,0,37.0540293,24.08606784,H8
1163.93381,27.53294204,194.7934799,0,0,0,0,37.0540293,H8
1449.905201,1163.93381,27.53294204,194.7934799,0,0,0,0,H8
0,1449.905201,1163.93381,27.53294204,194.7934799,0,0,0,H1
1191.11915,0,1449.905201,1163.93381,27.53294204,194.7934799,0,0,H8
348.5254773,1191.11915,0,1449.905201,1163.93381,27.53294204,194.7934799,0,H8
0,348.5254773,1191.11915,0,1449.905201,1163.93381,27.53294204,194.7934799,H0
0,0,348.5254773,1191.11915,0,1449.905201,1163.93381,27.53294204,H0
448.2541893,0,0,348.5254773,1191.11915,0,1449.905201,1163.93381,H8
168.4688097,448.2541893,0,0,348.5254773,1191.11915,0,1449.905201,H4
56.7082233,168.4688097,448.2541893,0,0,348.5254773,1191.11915,0,H8
28.60315426,56.7082233,168.4688097,448.2541893,0,0,348.5254773,1191.11915,H4
469.1317476,28.60315426,56.7082233,168.4688097,448.2541893,0,0,348.5254773,H8
77.90428789,469.1317476,28.60315426,56.7082233,168.4688097,448.2541893,0,0,H8
0,77.90428789,469.1317476,28.60315426,56.7082233,168.4688097,448.2541893,0,H0
33.33566433,0,77.90428789,469.1317476,28.60315426,56.7082233,168.4688097,448.2541893,H4
2.91E-11,33.33566433,0,77.90428789,469.1317476,28.60315426,56.7082233,168.4688097,H8
0,2.91E-11,33.33566433,0,77.90428789,469.1317476,28.60315426,56.7082233,H1
87.90750811,0,2.91E-11,33.33566433,0,77.90428789,469.1317476,28.60315426,H8
3657.891099,87.90750811,0,2.91E-11,33.33566433,0,77.90428789,469.1317476,H6
940.7181124,3657.891099,87.90750811,0,2.91E-11,33.33566433,0,77.90428789,H4
11.94123931,940.7181124,3657.891099,87.90750811,0,2.91E-11,33.33566433,0,H4
0,11.94123931,940.7181124,3657.891099,87.90750811,0,2.91E-11,33.33566433,H6
0,0,11.94123931,940.7181124,3657.891099,87.90750811,0,2.91E-11,H1
169.8697127,0,0,11.94123931,940.7181124,3657.891099,87.90750811,0,H8
0,169.8697127,0,0,11.94123931,940.7181124,3657.891099,87.90750811,H1
304.9867027,0,169.8697127,0,0,11.94123931,940.7181124,3657.891099,H8
0,304.9867027,0,169.8697127,0,0,11.94123931,940.7181124,H0
1589.671124,0,304.9867027,0,169.8697127,0,0,11.94123931,H4
92.26516235,1589.671124,0,304.9867027,0,169.8697127,0,0,H8
1038.435084,92.26516235,1589.671124,0,304.9867027,0,169.8697127,0,H8
347.1971393,1038.435084,92.26516235,1589.671124,0,304.9867027,0,169.8697127,H8
74.95116562,347.1971393,1038.435084,92.26516235,1589.671124,0,304.9867027,0,H8
91.93107044,74.95116562,347.1971393,1038.435084,92.26516235,1589.671124,0,304.9867027,H8
1124.376783,91.93107044,74.95116562,347.1971393,1038.435084,92.26516235,1589.671124,0,H8
0,1124.376783,91.93107044,74.95116562,347.1971393,1038.435084,92.26516235,1589.671124,H1
1112.486839,0,1124.376783,91.93107044,74.95116562,347.1971393,1038.435084,92.26516235,H8
0,1112.486839,0,1124.376783,91.93107044,74.95116562,347.1971393,1038.435084,H8
0,0,1112.486839,0,1124.376783,91.93107044,74.95116562,347.1971393,H8
37.55673741,0,0,1112.486839,0,1124.376783,91.93107044,74.95116562,H4
0,37.55673741,0,0,1112.486839,0,1124.376783,91.93107044,H1
0,0,37.55673741,0,0,1112.486839,0,1124.376783,H0
0,0,0,37.55673741,0,0,1112.486839,0,H0
0,0,0,0,37.55673741,0,0,1112.486839,H0
73.58608586,0,0,0,0,37.55673741,0,0,H4
0,73.58608586,0,0,0,0,37.55673741,0,H9
97.59240007,0,73.58608586,0,0,0,0,37.55673741,H8
73.51051529,97.59240007,0,73.58608586,0,0,0,0,H8
0,73.51051529,97.59240007,0,73.58608586,0,0,0,H0
0,0,73.51051529,97.59240007,0,73.58608586,0,0,H9
0,0,0,73.51051529,97.59240007,0,73.58608586,0,H9
324.1703559,0,0,0,73.51051529,97.59240007,0,73.58608586,H8
130.9605685,324.1703559,0,0,0,73.51051529,97.59240007,0,H8
17.20642194,130.9605685,324.1703559,0,0,0,73.51051529,97.59240007,H8
0,17.20642194,130.9605685,324.1703559,0,0,0,73.51051529,H1
0,0,17.20642194,130.9605685,324.1703559,0,0,0,H8
1.008384269,0,0,17.20642194,130.9605685,324.1703559,0,0,H8
174.5949319,1.008384269,0,0,17.20642194,130.9605685,324.1703559,0,H8
92.34942797,174.5949319,1.008384269,0,0,17.20642194,130.9605685,324.1703559,H8
348.250771,92.34942797,174.5949319,1.008384269,0,0,17.20642194,130.9605685,H4
52.79287736,348.250771,92.34942797,174.5949319,1.008384269,0,0,17.20642194,H4
0,52.79287736,348.250771,92.34942797,174.5949319,1.008384269,0,0,H8
0,0,52.79287736,348.250771,92.34942797,174.5949319,1.008384269,0,H8
0,0,0,52.79287736,348.250771,92.34942797,174.5949319,1.008384269,H8
280.7904377,0,0,0,52.79287736,348.250771,92.34942797,174.5949319,H8
0,280.7904377,0,0,0,52.79287736,348.250771,92.34942797,H1
0,0,280.7904377,0,0,0,52.79287736,348.250771,H1
0,0,0,280.7904377,0,0,0,52.79287736,H8
144.5478181,0,0,0,280.7904377,0,0,0,H4
125.4865041,144.5478181,0,0,0,280.7904377,0,0,H8
0,125.4865041,144.5478181,0,0,0,280.7904377,0,H0
0,0,125.4865041,144.5478181,0,0,0,280.7904377,H9
0,0,0,125.4865041,144.5478181,0,0,0,H9
12.44101263,0,0,0,125.4865041,144.5478181,0,0,H4
27.87822135,12.44101263,0,0,0,125.4865041,144.5478181,0,H8
104.2033456,27.87822135,12.44101263,0,0,0,125.4865041,144.5478181,H8
201.4822589,104.2033456,27.87822135,12.44101263,0,0,0,125.4865041,H8
0,201.4822589,104.2033456,27.87822135,12.44101263,0,0,0,H0
268.5321907,0,201.4822589,104.2033456,27.87822135,12.44101263,0,0,H8
256.0082268,268.5321907,0,201.4822589,104.2033456,27.87822135,12.44101263,0,H8
0,256.0082268,268.5321907,0,201.4822589,104.2033456,27.87822135,12.44101263,H8
0,0,256.0082268,268.5321907,0,201.4822589,104.2033456,27.87822135,H0
0,0,0,256.0082268,268.5321907,0,201.4822589,104.2033456,H1
122.2349569,0,0,0,256.0082268,268.5321907,0,201.4822589,H8
0,122.2349569,0,0,0,256.0082268,268.5321907,0,H8
0,0,122.2349569,0,0,0,256.0082268,268.5321907,H8
0,0,0,122.2349569,0,0,0,256.0082268,H1
182.1346527,0,0,0,122.2349569,0,0,0,H8
128.997031,182.1346527,0,0,0,122.2349569,0,0,H8
0,128.997031,182.1346527,0,0,0,122.2349569,0,H0
47.34870428,0,128.997031,182.1346527,0,0,0,122.2349569,H8
36.1089504,47.34870428,0,128.997031,182.1346527,0,0,0,H8
70.85623505,36.1089504,47.34870428,0,128.997031,182.1346527,0,0,H8
0,70.85623505,36.1089504,47.34870428,0,128.997031,182.1346527,0,H0
0,0,70.85623505,36.1089504,47.34870428,0,128.997031,182.1346527,H1
0,0,0,70.85623505,36.1089504,47.34870428,0,128.997031,H1
0.212558111,0,0,0,70.85623505,36.1089504,47.34870428,0,H8
0,0.212558111,0,0,0,70.85623505,36.1089504,47.34870428,H8
45.84512201,0,0.212558111,0,0,0,70.85623505,36.1089504,H4
0,45.84512201,0,0.212558111,0,0,0,70.85623505,H0
199.1375246,0,45.84512201,0,0.212558111,0,0,0,H8
96.71447186,199.1375246,0,45.84512201,0,0.212558111,0,0,H8
100.8570204,96.71447186,199.1375246,0,45.84512201,0,0.212558111,0,H8
0,100.8570204,96.71447186,199.1375246,0,45.84512201,0,0.212558111,H0
1354.428203,0,100.8570204,96.71447186,199.1375246,0,45.84512201,0,H8
166.7723467,1354.428203,0,100.8570204,96.71447186,199.1375246,0,45.84512201,H8
167.8480897,166.7723467,1354.428203,0,100.8570204,96.71447186,199.1375246,0,H8
60.33894747,167.8480897,166.7723467,1354.428203,0,100.8570204,96.71447186,199.1375246,H8
0,60.33894747,167.8480897,166.7723467,1354.428203,0,100.8570204,96.71447186,H8
1137.855216,0,60.33894747,167.8480897,166.7723467,1354.428203,0,100.8570204,H8
22.99094412,1137.855216,0,60.33894747,167.8480897,166.7723467,1354.428203,0,H8
6.139118874,22.99094412,1137.855216,0,60.33894747,167.8480897,166.7723467,1354.428203,H8
119.1453667,6.139118874,22.99094412,1137.855216,0,60.33894747,167.8480897,166.7723467,H8
28.88798836,119.1453667,6.139118874,22.99094412,1137.855216,0,60.33894747,167.8480897,H8
160.3807224,28.88798836,119.1453667,6.139118874,22.99094412,1137.855216,0,60.33894747,H4
99.4074202,160.3807224,28.88798836,119.1453667,6.139118874,22.99094412,1137.855216,0,H8
0,99.4074202,160.3807224,28.88798836,119.1453667,6.139118874,22.99094412,1137.855216,H1
0,0,99.4074202,160.3807224,28.88798836,119.1453667,6.139118874,22.99094412,H1
141.9907602,0,0,99.4074202,160.3807224,28.88798836,119.1453667,6.139118874,H8
244.8142474,141.9907602,0,0,99.4074202,160.3807224,28.88798836,119.1453667,H8
0,244.8142474,141.9907602,0,0,99.4074202,160.3807224,28.88798836,H9
72.01810108,0,244.8142474,141.9907602,0,0,99.4074202,160.3807224,H8
324.2724315,72.01810108,0,244.8142474,141.9907602,0,0,99.4074202,H4
0,324.2724315,72.01810108,0,244.8142474,141.9907602,0,0,H0
0,0,324.2724315,72.01810108,0,244.8142474,141.9907602,0,H8
0,0,0,324.2724315,72.01810108,0,244.8142474,141.9907602,H8
0,0,0,0,324.2724315,72.01810108,0,244.8142474,H8
146.4575768,0,0,0,0,324.2724315,72.01810108,0,H8
52.4091709,146.4575768,0,0,0,0,324.2724315,72.01810108,H4
0,52.4091709,146.4575768,0,0,0,0,324.2724315,H8
0,0,52.4091709,146.4575768,0,0,0,0,H9
0,0,0,52.4091709,146.4575768,0,0,0,H0
305.7369551,0,0,0,52.4091709,146.4575768,0,0,H8
0,305.7369551,0,0,0,52.4091709,146.4575768,0,H0
0,0,305.7369551,0,0,0,52.4091709,146.4575768,H1
0,0,0,305.7369551,0,0,0,52.4091709,H0
119.3618071,0,0,0,305.7369551,0,0,0,H8
0,119.3618071,0,0,0,305.7369551,0,0,H0
1099.467789,0,119.3618071,0,0,0,305.7369551,0,H8
10.53671906,1099.467789,0,119.3618071,0,0,0,305.7369551,H8
0,10.53671906,1099.467789,0,119.3618071,0,0,0,H0
2.91E-11,0,10.53671906,1099.467789,0,119.3618071,0,0,H8
0,2.91E-11,0,10.53671906,1099.467789,0,119.3618071,0,H9
0,0,2.91E-11,0,10.53671906,1099.467789,0,119.3618071,H0
135.7420752,0,0,2.91E-11,0,10.53671906,1099.467789,0,H4
0,135.7420752,0,0,2.91E-11,0,10.53671906,1099.467789,H1
0,0,135.7420752,0,0,2.91E-11,0,10.53671906,H0
0,0,0,135.7420752,0,0,2.91E-11,0,H1
0,0,0,0,135.7420752,0,0,2.91E-11,H1
97.51901894,0,0,0,0,135.7420752,0,0,H8
0,97.51901894,0,0,0,0,135.7420752,0,H0
93.84059738,0,97.51901894,0,0,0,0,135.7420752,H8
89.36869713,93.84059738,0,97.51901894,0,0,0,0,H8
23.62391352,89.36869713,93.84059738,0,97.51901894,0,0,0,H8
0,23.62391352,89.36869713,93.84059738,0,97.51901894,0,0,H1
0,0,23.62391352,89.36869713,93.84059738,0,97.51901894,0,H1
27.80799155,0,0,23.62391352,89.36869713,93.84059738,0,97.51901894,H8
0,27.80799155,0,0,23.62391352,89.36869713,93.84059738,0,H1
0,0,27.80799155,0,0,23.62391352,89.36869713,93.84059738,H1
50.14880136,0,0,27.80799155,0,0,23.62391352,89.36869713,H4
0,50.14880136,0,0,27.80799155,0,0,23.62391352,H8
0,0,50.14880136,0,0,27.80799155,0,0,H1
0,0,0,50.14880136,0,0,27.80799155,0,H1
0,0,0,0,50.14880136,0,0,27.80799155,H1
0,0,0,0,0,50.14880136,0,0,H1
0,0,0,0,0,0,50.14880136,0,H1
0,0,0,0,0,0,0,50.14880136,H0
0,0,0,0,0,0,0,0,H8
1153.066763,0,0,0,0,0,0,0,H8
5.356276998,1153.066763,0,0,0,0,0,0,H4
52.63176598,5.356276998,1153.066763,0,0,0,0,0,H4
2311.346023,52.63176598,5.356276998,1153.066763,0,0,0,0,H8
0.534800157,2311.346023,52.63176598,5.356276998,1153.066763,0,0,0,H4
54.74930594,0.534800157,2311.346023,52.63176598,5.356276998,1153.066763,0,0,H8
1.345769851,54.74930594,0.534800157,2311.346023,52.63176598,5.356276998,1153.066763,0,H8
0,1.345769851,54.74930594,0.534800157,2311.346023,52.63176598,5.356276998,1153.066763,H0
2.91E-11,0,1.345769851,54.74930594,0.534800157,2311.346023,52.63176598,5.356276998,H8
0,2.91E-11,0,1.345769851,54.74930594,0.534800157,2311.346023,52.63176598,H0
37.4685092,0,2.91E-11,0,1.345769851,54.74930594,0.534800157,2311.346023,H4
128.5361167,37.4685092,0,2.91E-11,0,1.345769851,54.74930594,0.534800157,H8
4.556556127,128.5361167,37.4685092,0,2.91E-11,0,1.345769851,54.74930594,H8
16.73386274,4.556556127,128.5361167,37.4685092,0,2.91E-11,0,1.345769851,H8
40.07451364,16.73386274,4.556556127,128.5361167,37.4685092,0,2.91E-11,0,H8
2.91E-11,40.07451364,16.73386274,4.556556127,128.5361167,37.4685092,0,2.91E-11,H8
30.31885777,2.91E-11,40.07451364,16.73386274,4.556556127,128.5361167,37.4685092,0,H4
61.65383456,30.31885777,2.91E-11,40.07451364,16.73386274,4.556556127,128.5361167,37.4685092,H8
0,61.65383456,30.31885777,2.91E-11,40.07451364,16.73386274,4.556556127,128.5361167,H0
8.461429132,0,61.65383456,30.31885777,2.91E-11,40.07451364,16.73386274,4.556556127,H8
14.47130257,8.461429132,0,61.65383456,30.31885777,2.91E-11,40.07451364,16.73386274,H8
1114.665172,14.47130257,8.461429132,0,61.65383456,30.31885777,2.91E-11,40.07451364,H8
166.2595367,1114.665172,14.47130257,8.461429132,0,61.65383456,30.31885777,2.91E-11,H4
0,166.2595367,1114.665172,14.47130257,8.461429132,0,61.65383456,30.31885777,H1
150.7420306,0,166.2595367,1114.665172,14.47130257,8.461429132,0,61.65383456,H4
146.9452039,150.7420306,0,166.2595367,1114.665172,14.47130257,8.461429132,0,H8
0,146.9452039,150.7420306,0,166.2595367,1114.665172,14.47130257,8.461429132,H0
0,0,146.9452039,150.7420306,0,166.2595367,1114.665172,14.47130257,H4
0,0,0,146.9452039,150.7420306,0,166.2595367,1114.665172,H4
0,0,0,0,146.9452039,150.7420306,0,166.2595367,H0
0,0,0,0,0,146.9452039,150.7420306,0,H4
0,0,0,0,0,0,146.9452039,150.7420306,H8
0,0,0,0,0,0,0,146.9452039,H4
110.8301338,0,0,0,0,0,0,0,H8
13.73312334,110.8301338,0,0,0,0,0,0,H8
37.19514659,13.73312334,110.8301338,0,0,0,0,0,H8
0,37.19514659,13.73312334,110.8301338,0,0,0,0,H9
0,0,37.19514659,13.73312334,110.8301338,0,0,0,H8
41.742813,0,0,37.19514659,13.73312334,110.8301338,0,0,H8
0,41.742813,0,0,37.19514659,13.73312334,110.8301338,0,H8
0,0,41.742813,0,0,37.19514659,13.73312334,110.8301338,H0
0,0,0,41.742813,0,0,37.19514659,13.73312334,H0
67.43359439,0,0,0,41.742813,0,0,37.19514659,H8
0,67.43359439,0,0,0,41.742813,0,0,H0
0,0,67.43359439,0,0,0,41.742813,0,H8
139.1297025,0,0,67.43359439,0,0,0,41.742813,H8
37.99924204,139.1297025,0,0,67.43359439,0,0,0,H8
0,37.99924204,139.1297025,0,0,67.43359439,0,0,H8
1223.030475,0,37.99924204,139.1297025,0,0,67.43359439,0,H4
0,1223.030475,0,37.99924204,139.1297025,0,0,67.43359439,H9
16.55646639,0,1223.030475,0,37.99924204,139.1297025,0,0,H8
17.96040464,16.55646639,0,1223.030475,0,37.99924204,139.1297025,0,H8
68.08787798,17.96040464,16.55646639,0,1223.030475,0,37.99924204,139.1297025,H4
0,68.08787798,17.96040464,16.55646639,0,1223.030475,0,37.99924204,H0
94.19639837,0,68.08787798,17.96040464,16.55646639,0,1223.030475,0,H4
32.87702296,94.19639837,0,68.08787798,17.96040464,16.55646639,0,1223.030475,H4
0,32.87702296,94.19639837,0,68.08787798,17.96040464,16.55646639,0,H8
1526.840529,0,32.87702296,94.19639837,0,68.08787798,17.96040464,16.55646639,H4
53.67386557,1526.840529,0,32.87702296,94.19639837,0,68.08787798,17.96040464,H8
0,53.67386557,1526.840529,0,32.87702296,94.19639837,0,68.08787798,H0
0,0,53.67386557,1526.840529,0,32.87702296,94.19639837,0,H0
0,0,0,53.67386557,1526.840529,0,32.87702296,94.19639837,H8
167.8681703,0,0,0,53.67386557,1526.840529,0,32.87702296,H4
1.041426574,167.8681703,0,0,0,53.67386557,1526.840529,0,H8
35.78441068,1.041426574,167.8681703,0,0,0,53.67386557,1526.840529,H8
0,35.78441068,1.041426574,167.8681703,0,0,0,53.67386557,H1
0,0,35.78441068,1.041426574,167.8681703,0,0,0,H0
0,0,0,35.78441068,1.041426574,167.8681703,0,0,H0
1140.079021,0,0,0,35.78441068,1.041426574,167.8681703,0,H8
0,1140.079021,0,0,0,35.78441068,1.041426574,167.8681703,H0
50.08018702,0,1140.079021,0,0,0,35.78441068,1.041426574,H4
58.59715408,50.08018702,0,1140.079021,0,0,0,35.78441068,H4
904.3456503,58.59715408,50.08018702,0,1140.079021,0,0,0,H4
0,904.3456503,58.59715408,50.08018702,0,1140.079021,0,0,H1
106.4699902,0,904.3456503,58.59715408,50.08018702,0,1140.079021,0,H4
2.480505733,106.4699902,0,904.3456503,58.59715408,50.08018702,0,1140.079021,H8
0,2.480505733,106.4699902,0,904.3456503,58.59715408,50.08018702,0,H1
150.3822819,0,2.480505733,106.4699902,0,904.3456503,58.59715408,50.08018702,H8
0.626883559,150.3822819,0,2.480505733,106.4699902,0,904.3456503,58.59715408,H8
0,0.626883559,150.3822819,0,2.480505733,106.4699902,0,904.3456503,H0
13.52992722,0,0.626883559,150.3822819,0,2.480505733,106.4699902,0,H8
0,13.52992722,0,0.626883559,150.3822819,0,2.480505733,106.4699902,H1
0,0,13.52992722,0,0.626883559,150.3822819,0,2.480505733,H8
0.082325919,0,0,13.52992722,0,0.626883559,150.3822819,0,H8
0,0.082325919,0,0,13.52992722,0,0.626883559,150.3822819,H0
758.2082421,0,0.082325919,0,0,13.52992722,0,0.626883559,H5
5.82E-11,758.2082421,0,0.082325919,0,0,13.52992722,0,H5
232.4787867,5.82E-11,758.2082421,0,0.082325919,0,0,13.52992722,H6
33.65848682,232.4787867,5.82E-11,758.2082421,0,0.082325919,0,0,H4
10.5653489,33.65848682,232.4787867,5.82E-11,758.2082421,0,0.082325919,0,H4
0,10.5653489,33.65848682,232.4787867,5.82E-11,758.2082421,0,0.082325919,H1
0,0,10.5653489,33.65848682,232.4787867,5.82E-11,758.2082421,0,H4
15.43525514,0,0,10.5653489,33.65848682,232.4787867,5.82E-11,758.2082421,H8
94.02149545,15.43525514,0,0,10.5653489,33.65848682,232.4787867,5.82E-11,H8
0,94.02149545,15.43525514,0,0,10.5653489,33.65848682,232.4787867,H9
0,0,94.02149545,15.43525514,0,0,10.5653489,33.65848682,H4
47.46120939,0,0,94.02149545,15.43525514,0,0,10.5653489,H8
143.5636425,47.46120939,0,0,94.02149545,15.43525514,0,0,H8
0,143.5636425,47.46120939,0,0,94.02149545,15.43525514,0,H0
0,0,143.5636425,47.46120939,0,0,94.02149545,15.43525514,H0
876.1411591,0,0,143.5636425,47.46120939,0,0,94.02149545,H4
0,876.1411591,0,0,143.5636425,47.46120939,0,0,H4
0,0,876.1411591,0,0,143.5636425,47.46120939,0,H4
45.29116037,0,0,876.1411591,0,0,143.5636425,47.46120939,H8
1.341836246,45.29116037,0,0,876.1411591,0,0,143.5636425,H8
136.784037,1.341836246,45.29116037,0,0,876.1411591,0,0,H4
22.74802809,136.784037,1.341836246,45.29116037,0,0,876.1411591,0,H8
0,22.74802809,136.784037,1.341836246,45.29116037,0,0,876.1411591,H9
30.20659168,0,22.74802809,136.784037,1.341836246,45.29116037,0,0,H4
0,30.20659168,0,22.74802809,136.784037,1.341836246,45.29116037,0,H1
77.87422822,0,30.20659168,0,22.74802809,136.784037,1.341836246,45.29116037,H8
0,77.87422822,0,30.20659168,0,22.74802809,136.784037,1.341836246,H1
16.12620131,0,77.87422822,0,30.20659168,0,22.74802809,136.784037,H4
0,16.12620131,0,77.87422822,0,30.20659168,0,22.74802809,H0
0,0,16.12620131,0,77.87422822,0,30.20659168,0,H9
0,0,0,16.12620131,0,77.87422822,0,30.20659168,H1
0,0,0,0,16.12620131,0,77.87422822,0,H8
2192.071718,0,0,0,0,16.12620131,0,77.87422822,H5
0,2192.071718,0,0,0,0,16.12620131,0,H4
108.9006294,0,2192.071718,0,0,0,0,16.12620131,H8
0.369831869,108.9006294,0,2192.071718,0,0,0,0,H8
0,0.369831869,108.9006294,0,2192.071718,0,0,0,H8
0,0,0.369831869,108.9006294,0,2192.071718,0,0,H0
0,0,0,0.369831869,108.9006294,0,2192.071718,0,H8
0,0,0,0,0.369831869,108.9006294,0,2192.071718,H8
311.5894252,0,0,0,0,0.369831869,108.9006294,0,H8
0,311.5894252,0,0,0,0,0.369831869,108.9006294,H0
0,0,311.5894252,0,0,0,0,0.369831869,H8
0,0,0,311.5894252,0,0,0,0,H9
0,0,0,0,311.5894252,0,0,0,H0
0,0,0,0,0,311.5894252,0,0,H0
0,0,0,0,0,0,311.5894252,0,H9
0,0,0,0,0,0,0,311.5894252,H8
81.94560598,0,0,0,0,0,0,0,H8
0,81.94560598,0,0,0,0,0,0,H0
0,0,81.94560598,0,0,0,0,0,H9
0,0,0,81.94560598,0,0,0,0,H0
0,0,0,0,81.94560598,0,0,0,H4
69.04380395,0,0,0,0,81.94560598,0,0,H8
0,69.04380395,0,0,0,0,81.94560598,0,H1
0,0,69.04380395,0,0,0,0,81.94560598,H0
166.8303692,0,0,69.04380395,0,0,0,0,H8
0,166.8303692,0,0,69.04380395,0,0,0,H0
0,0,166.8303692,0,0,69.04380395,0,0,H1
0,0,0,166.8303692,0,0,69.04380395,0,H0
0,0,0,0,166.8303692,0,0,69.04380395,H8
0,0,0,0,0,166.8303692,0,0,H1
37.55483537,0,0,0,0,0,166.8303692,0,H8
0,37.55483537,0,0,0,0,0,166.8303692,H9
34.18829952,0,37.55483537,0,0,0,0,0,H8
0,34.18829952,0,37.55483537,0,0,0,0,H8
0,0,34.18829952,0,37.55483537,0,0,0,H1
12.77695829,0,0,34.18829952,0,37.55483537,0,0,H4
0,12.77695829,0,0,34.18829952,0,37.55483537,0,H1
342.7592196,0,12.77695829,0,0,34.18829952,0,37.55483537,H8
141.6587281,342.7592196,0,12.77695829,0,0,34.18829952,0,H4
76.71739829,141.6587281,342.7592196,0,12.77695829,0,0,34.18829952,H8
0,76.71739829,141.6587281,342.7592196,0,12.77695829,0,0,H1
14.66983698,0,76.71739829,141.6587281,342.7592196,0,12.77695829,0,H5
0,14.66983698,0,76.71739829,141.6587281,342.7592196,0,12.77695829,H1
5.82E-11,0,14.66983698,0,76.71739829,141.6587281,342.7592196,0,H8
5.603430662,5.82E-11,0,14.66983698,0,76.71739829,141.6587281,342.7592196,H8
7.301481276,5.603430662,5.82E-11,0,14.66983698,0,76.71739829,141.6587281,H4
0,7.301481276,5.603430662,5.82E-11,0,14.66983698,0,76.71739829,H8
61.20514664,0,7.301481276,5.603430662,5.82E-11,0,14.66983698,0,H8
14.23336337,61.20514664,0,7.301481276,5.603430662,5.82E-11,0,14.66983698,H4
0,14.23336337,61.20514664,0,7.301481276,5.603430662,5.82E-11,0,H9
1029.212305,0,14.23336337,61.20514664,0,7.301481276,5.603430662,5.82E-11,H4
214.7230568,1029.212305,0,14.23336337,61.20514664,0,7.301481276,5.603430662,H8
140.0360246,214.7230568,1029.212305,0,14.23336337,61.20514664,0,7.301481276,H8
12.58997336,140.0360246,214.7230568,1029.212305,0,14.23336337,61.20514664,0,H8
0,12.58997336,140.0360246,214.7230568,1029.212305,0,14.23336337,61.20514664,H9
0,0,12.58997336,140.0360246,214.7230568,1029.212305,0,14.23336337,H9
0,0,0,12.58997336,140.0360246,214.7230568,1029.212305,0,H8
1245.519895,0,0,0,12.58997336,140.0360246,214.7230568,1029.212305,H8
14.2235713,1245.519895,0,0,0,12.58997336,140.0360246,214.7230568,H4
0,14.2235713,1245.519895,0,0,0,12.58997336,140.0360246,H4
0,0,14.2235713,1245.519895,0,0,0,12.58997336,H1
0,0,0,14.2235713,1245.519895,0,0,0,H1
2.074981501,0,0,0,14.2235713,1245.519895,0,0,H4
4.009234948,2.074981501,0,0,0,14.2235713,1245.519895,0,H4
16.42295135,4.009234948,2.074981501,0,0,0,14.2235713,1245.519895,H8
0,16.42295135,4.009234948,2.074981501,0,0,0,14.2235713,H0
0,0,16.42295135,4.009234948,2.074981501,0,0,0,H8
31.38057888,0,0,16.42295135,4.009234948,2.074981501,0,0,H8
1281.013444,31.38057888,0,0,16.42295135,4.009234948,2.074981501,0,H8
69.03413465,1281.013444,31.38057888,0,0,16.42295135,4.009234948,2.074981501,H8
21.67444278,69.03413465,1281.013444,31.38057888,0,0,16.42295135,4.009234948,H8
2.515273381,21.67444278,69.03413465,1281.013444,31.38057888,0,0,16.42295135,H4
0,2.515273381,21.67444278,69.03413465,1281.013444,31.38057888,0,0,H4
0,0,2.515273381,21.67444278,69.03413465,1281.013444,31.38057888,0,H0
0,0,0,2.515273381,21.67444278,69.03413465,1281.013444,31.38057888,H8
0.494371871,0,0,0,2.515273381,21.67444278,69.03413465,1281.013444,H4
21.69820519,0.494371871,0,0,0,2.515273381,21.67444278,69.03413465,H8
1493.502037,21.69820519,0.494371871,0,0,0,2.515273381,21.67444278,H4
0,1493.502037,21.69820519,0.494371871,0,0,0,2.515273381,H8
0,0,1493.502037,21.69820519,0.494371871,0,0,0,H1
155.0764434,0,0,1493.502037,21.69820519,0.494371871,0,0,H8
0,155.0764434,0,0,1493.502037,21.69820519,0.494371871,0,H0
2.061334423,0,155.0764434,0,0,1493.502037,21.69820519,0.494371871,H8
0,2.061334423,0,155.0764434,0,0,1493.502037,21.69820519,H4
0,0,2.061334423,0,155.0764434,0,0,1493.502037,H8
77.12384689,0,0,2.061334423,0,155.0764434,0,0,H8
0,77.12384689,0,0,2.061334423,0,155.0764434,0,H0
2.91E-11,0,77.12384689,0,0,2.061334423,0,155.0764434,H8
21.2622999,2.91E-11,0,77.12384689,0,0,2.061334423,0,H8
295.6711827,21.2622999,2.91E-11,0,77.12384689,0,0,2.061334423,H8
0,295.6711827,21.2622999,2.91E-11,0,77.12384689,0,0,H0
65.15943339,0,295.6711827,21.2622999,2.91E-11,0,77.12384689,0,H8
24.93916857,65.15943339,0,295.6711827,21.2622999,2.91E-11,0,77.12384689,H4
1.816122835,24.93916857,65.15943339,0,295.6711827,21.2622999,2.91E-11,0,H4
59.04055751,1.816122835,24.93916857,65.15943339,0,295.6711827,21.2622999,2.91E-11,H8
0,59.04055751,1.816122835,24.93916857,65.15943339,0,295.6711827,21.2622999,H9
2.91E-11,0,59.04055751,1.816122835,24.93916857,65.15943339,0,295.6711827,H8
95.50854619,2.91E-11,0,59.04055751,1.816122835,24.93916857,65.15943339,0,H4
0,95.50854619,2.91E-11,0,59.04055751,1.816122835,24.93916857,65.15943339,H9
0,0,95.50854619,2.91E-11,0,59.04055751,1.816122835,24.93916857,H0
2.879349802,0,0,95.50854619,2.91E-11,0,59.04055751,1.816122835,H8
0,2.879349802,0,0,95.50854619,2.91E-11,0,59.04055751,H0
1188.703209,0,2.879349802,0,0,95.50854619,2.91E-11,0,H8
0,1188.703209,0,2.879349802,0,0,95.50854619,2.91E-11,H9
1.824983842,0,1188.703209,0,2.879349802,0,0,95.50854619,H8
2.91E-11,1.824983842,0,1188.703209,0,2.879349802,0,0,H8
0,2.91E-11,1.824983842,0,1188.703209,0,2.879349802,0,H0
33.4429937,0,2.91E-11,1.824983842,0,1188.703209,0,2.879349802,H4
9.079609633,33.4429937,0,2.91E-11,1.824983842,0,1188.703209,0,H8
1013.869389,9.079609633,33.4429937,0,2.91E-11,1.824983842,0,1188.703209,H4
25.96270994,1013.869389,9.079609633,33.4429937,0,2.91E-11,1.824983842,0,H8
0,25.96270994,1013.869389,9.079609633,33.4429937,0,2.91E-11,1.824983842,H0
2.624744171,0,25.96270994,1013.869389,9.079609633,33.4429937,0,2.91E-11,H8
1.194511279,2.624744171,0,25.96270994,1013.869389,9.079609633,33.4429937,0,H8
0,1.194511279,2.624744171,0,25.96270994,1013.869389,9.079609633,33.4429937,H1
5.922830263,0,1.194511279,2.624744171,0,25.96270994,1013.869389,9.079609633,H4
0,5.922830263,0,1.194511279,2.624744171,0,25.96270994,1013.869389,H0
0,0,5.922830263,0,1.194511279,2.624744171,0,25.96270994,H0
0,0,0,5.922830263,0,1.194511279,2.624744171,0,H9
2.91E-11,0,0,0,5.922830263,0,1.194511279,2.624744171,H8
0.272462698,2.91E-11,0,0,0,5.922830263,0,1.194511279,H8
0,0.272462698,2.91E-11,0,0,0,5.922830263,0,H1
0,0,0.272462698,2.91E-11,0,0,0,5.922830263,H1
0,0,0,0.272462698,2.91E-11,0,0,0,H8
0,0,0,0,0.272462698,2.91E-11,0,0,H8
123.8522202,0,0,0,0,0.272462698,2.91E-11,0,H4
0.253694838,123.8522202,0,0,0,0,0.272462698,2.91E-11,H4
0,0.253694838,123.8522202,0,0,0,0,0.272462698,H8
2.91E-11,0,0.253694838,123.8522202,0,0,0,0,H8
0,2.91E-11,0,0.253694838,123.8522202,0,0,0,H4
0,0,2.91E-11,0,0.253694838,123.8522202,0,0,H8
24.71462878,0,0,2.91E-11,0,0.253694838,123.8522202,0,H8
4.787104396,24.71462878,0,0,2.91E-11,0,0.253694838,123.8522202,H4
0,4.787104396,24.71462878,0,0,2.91E-11,0,0.253694838,H9
2.91E-11,0,4.787104396,24.71462878,0,0,2.91E-11,0,H8
25.76381847,2.91E-11,0,4.787104396,24.71462878,0,0,2.91E-11,H8
0,25.76381847,2.91E-11,0,4.787104396,24.71462878,0,0,H8
1000.087418,0,25.76381847,2.91E-11,0,4.787104396,24.71462878,0,H8
0,1000.087418,0,25.76381847,2.91E-11,0,4.787104396,24.71462878,H0
0,0,1000.087418,0,25.76381847,2.91E-11,0,4.787104396,H4
16.12720528,0,0,1000.087418,0,25.76381847,2.91E-11,0,H4
0,16.12720528,0,0,1000.087418,0,25.76381847,2.91E-11,H4
0,0,16.12720528,0,0,1000.087418,0,25.76381847,H4
33.40433211,0,0,16.12720528,0,0,1000.087418,0,H8
0,33.40433211,0,0,16.12720528,0,0,1000.087418,H4
234.1823144,0,33.40433211,0,0,16.12720528,0,0,H8
0,234.1823144,0,33.40433211,0,0,16.12720528,0,H0
0,0,234.1823144,0,33.40433211,0,0,16.12720528,H8
0,0,0,234.1823144,0,33.40433211,0,0,H8
9.657454841,0,0,0,234.1823144,0,33.40433211,0,H8
5.877600689,9.657454841,0,0,0,234.1823144,0,33.40433211,H8
0,5.877600689,9.657454841,0,0,0,234.1823144,0,H4
3.415440759,0,5.877600689,9.657454841,0,0,0,234.1823144,H8
51.68392734,3.415440759,0,5.877600689,9.657454841,0,0,0,H8
0,51.68392734,3.415440759,0,5.877600689,9.657454841,0,0,H9
0,0,51.68392734,3.415440759,0,5.877600689,9.657454841,0,H4
0,0,0,51.68392734,3.415440759,0,5.877600689,9.657454841,H0
0,0,0,0,51.68392734,3.415440759,0,5.877600689,H1
18.8090408,0,0,0,0,51.68392734,3.415440759,0,H8
68.50692036,18.8090408,0,0,0,0,51.68392734,3.415440759,H8
0,68.50692036,18.8090408,0,0,0,0,51.68392734,H1
0,0,68.50692036,18.8090408,0,0,0,0,H0
0.589196951,0,0,68.50692036,18.8090408,0,0,0,H4
0,0.589196951,0,0,68.50692036,18.8090408,0,0,H1
185.3358589,0,0.589196951,0,0,68.50692036,18.8090408,0,H8
0,185.3358589,0,0.589196951,0,0,68.50692036,18.8090408,H8
71.42614317,0,185.3358589,0,0.589196951,0,0,68.50692036,H8
1.791837777,71.42614317,0,185.3358589,0,0.589196951,0,0,H8
50.94012357,1.791837777,71.42614317,0,185.3358589,0,0.589196951,0,H8
0,50.94012357,1.791837777,71.42614317,0,185.3358589,0,0.589196951,H0
271.8625227,0,50.94012357,1.791837777,71.42614317,0,185.3358589,0,H8
28.84256274,271.8625227,0,50.94012357,1.791837777,71.42614317,0,185.3358589,H4
10.60965358,28.84256274,271.8625227,0,50.94012357,1.791837777,71.42614317,0,H8
2.91E-11,10.60965358,28.84256274,271.8625227,0,50.94012357,1.791837777,71.42614317,H8
0,2.91E-11,10.60965358,28.84256274,271.8625227,0,50.94012357,1.791837777,H8
9.391330916,0,2.91E-11,10.60965358,28.84256274,271.8625227,0,50.94012357,H8
0,9.391330916,0,2.91E-11,10.60965358,28.84256274,271.8625227,0,H1
37.06554268,0,9.391330916,0,2.91E-11,10.60965358,28.84256274,271.8625227,H8
193.6772819,37.06554268,0,9.391330916,0,2.91E-11,10.60965358,28.84256274,H8
2.048816325,193.6772819,37.06554268,0,9.391330916,0,2.91E-11,10.60965358,H8
0,2.048816325,193.6772819,37.06554268,0,9.391330916,0,2.91E-11,H0
0,0,2.048816325,193.6772819,37.06554268,0,9.391330916,0,H0
0,0,0,2.048816325,193.6772819,37.06554268,0,9.391330916,H0
0,0,0,0,2.048816325,193.6772819,37.06554268,0,H1
1020.818734,0,0,0,0,2.048816325,193.6772819,37.06554268,H4
0,1020.818734,0,0,0,0,2.048816325,193.6772819,H4
0,0,1020.818734,0,0,0,0,2.048816325,H4
8.770136114,0,0,1020.818734,0,0,0,0,H8
242.1872067,8.770136114,0,0,1020.818734,0,0,0,H8
0,242.1872067,8.770136114,0,0,1020.818734,0,0,H9
2.91E-11,0,242.1872067,8.770136114,0,0,1020.818734,0,H8
0,2.91E-11,0,242.1872067,8.770136114,0,0,1020.818734,H1
0,0,2.91E-11,0,242.1872067,8.770136114,0,0,H0
37.71834071,0,0,2.91E-11,0,242.1872067,8.770136114,0,H8
0,37.71834071,0,0,2.91E-11,0,242.1872067,8.770136114,H0
3.902382185,0,37.71834071,0,0,2.91E-11,0,242.1872067,H4
1097.525898,3.902382185,0,37.71834071,0,0,2.91E-11,0,H8
0,1097.525898,3.902382185,0,37.71834071,0,0,2.91E-11,H0
0,0,1097.525898,3.902382185,0,37.71834071,0,0,H1
0.329435798,0,0,1097.525898,3.902382185,0,37.71834071,0,H4
0,0.329435798,0,0,1097.525898,3.902382185,0,37.71834071,H0
0,0,0.329435798,0,0,1097.525898,3.902382185,0,H1
19.23779525,0,0,0.329435798,0,0,1097.525898,3.902382185,H8
0,19.23779525,0,0,0.329435798,0,0,1097.525898,H0
0,0,19.23779525,0,0,0.329435798,0,0,H8
40.00859855,0,0,19.23779525,0,0,0.329435798,0,H8
0,40.00859855,0,0,19.23779525,0,0,0.329435798,H4
248.2149929,0,40.00859855,0,0,19.23779525,0,0,H8
8.503485839,248.2149929,0,40.00859855,0,0,19.23779525,0,H8
1125.925871,8.503485839,248.2149929,0,40.00859855,0,0,19.23779525,H8
0,1125.925871,8.503485839,248.2149929,0,40.00859855,0,0,H0
0,0,1125.925871,8.503485839,248.2149929,0,40.00859855,0,H0
0,0,0,1125.925871,8.503485839,248.2149929,0,40.00859855,H0
0,0,0,0,1125.925871,8.503485839,248.2149929,0,H1
25.58990124,0,0,0,0,1125.925871,8.503485839,248.2149929,H8
0,25.58990124,0,0,0,0,1125.925871,8.503485839,H1
0,0,25.58990124,0,0,0,0,1125.925871,H0
2.549206786,0,0,25.58990124,0,0,0,0,H4
2.91E-11,2.549206786,0,0,25.58990124,0,0,0,H8
0,2.91E-11,2.549206786,0,0,25.58990124,0,0,H9
0,0,2.91E-11,2.549206786,0,0,25.58990124,0,H9
0,0,0,2.91E-11,2.549206786,0,0,25.58990124,H0
75.26826439,0,0,0,2.91E-11,2.549206786,0,0,H8
92.65509155,75.26826439,0,0,0,2.91E-11,2.549206786,0,H8
0,92.65509155,75.26826439,0,0,0,2.91E-11,2.549206786,H1
0,0,92.65509155,75.26826439,0,0,0,2.91E-11,H9
7.264501523,0,0,92.65509155,75.26826439,0,0,0,H4
2.91E-11,7.264501523,0,0,92.65509155,75.26826439,0,0,H8
0,2.91E-11,7.264501523,0,0,92.65509155,75.26826439,0,H3
5.546113588,0,2.91E-11,7.264501523,0,0,92.65509155,75.26826439,H8
5.758823024,5.546113588,0,2.91E-11,7.264501523,0,0,92.65509155,H8
1.150998553,5.758823024,5.546113588,0,2.91E-11,7.264501523,0,0,H4
0,1.150998553,5.758823024,5.546113588,0,2.91E-11,7.264501523,0,H1
3.840095605,0,1.150998553,5.758823024,5.546113588,0,2.91E-11,7.264501523,H8
0,3.840095605,0,1.150998553,5.758823024,5.546113588,0,2.91E-11,H9
22.19282067,0,3.840095605,0,1.150998553,5.758823024,5.546113588,0,H4
29.45428549,22.19282067,0,3.840095605,0,1.150998553,5.758823024,5.546113588,H8
53.57277607,29.45428549,22.19282067,0,3.840095605,0,1.150998553,5.758823024,H4
2.711483395,53.57277607,29.45428549,22.19282067,0,3.840095605,0,1.150998553,H8
0,2.711483395,53.57277607,29.45428549,22.19282067,0,3.840095605,0,H8
0,0,2.711483395,53.57277607,29.45428549,22.19282067,0,3.840095605,H8
0,0,0,2.711483395,53.57277607,29.45428549,22.19282067,0,H9
2.91E-11,0,0,0,2.711483395,53.57277607,29.45428549,22.19282067,H8
0,2.91E-11,0,0,0,2.711483395,53.57277607,29.45428549,H1
0,0,2.91E-11,0,0,0,2.711483395,53.57277607,H1
0,0,0,2.91E-11,0,0,0,2.711483395,H0
0,0,0,0,2.91E-11,0,0,0,H8
0,0,0,0,0,2.91E-11,0,0,H0
1425.879127,0,0,0,0,0,2.91E-11,0,H8
0,1425.879127,0,0,0,0,0,2.91E-11,H8
0,0,1425.879127,0,0,0,0,0,H8
3.858036763,0,0,1425.879127,0,0,0,0,H4
0,3.858036763,0,0,1425.879127,0,0,0,H1
75.83168123,0,3.858036763,0,0,1425.879127,0,0,H8
22.91649439,75.83168123,0,3.858036763,0,0,1425.879127,0,H8
0,22.91649439,75.83168123,0,3.858036763,0,0,1425.879127,H9
4.875073125,0,22.91649439,75.83168123,0,3.858036763,0,0,H4
0,4.875073125,0,22.91649439,75.83168123,0,3.858036763,0,H1
25.83661421,0,4.875073125,0,22.91649439,75.83168123,0,3.858036763,H4
0.83040205,25.83661421,0,4.875073125,0,22.91649439,75.83168123,0,H8
2.279071971,0.83040205,25.83661421,0,4.875073125,0,22.91649439,75.83168123,H8
0,2.279071971,0.83040205,25.83661421,0,4.875073125,0,22.91649439,H8
7.081955144,0,2.279071971,0.83040205,25.83661421,0,4.875073125,0,H8
131.3810539,7.081955144,0,2.279071971,0.83040205,25.83661421,0,4.875073125,H8
0,131.3810539,7.081955144,0,2.279071971,0.83040205,25.83661421,0,H8
0,0,131.3810539,7.081955144,0,2.279071971,0.83040205,25.83661421,H1
0,0,0,131.3810539,7.081955144,0,2.279071971,0.83040205,H1
114.1351258,0,0,0,131.3810539,7.081955144,0,2.279071971,H8
3.627463149,114.1351258,0,0,0,131.3810539,7.081955144,0,H8
0,3.627463149,114.1351258,0,0,0,131.3810539,7.081955144,H8
2.91E-11,0,3.627463149,114.1351258,0,0,0,131.3810539,H8
0,2.91E-11,0,3.627463149,114.1351258,0,0,0,H8
1.7062828,0,2.91E-11,0,3.627463149,114.1351258,0,0,H8
0,1.7062828,0,2.91E-11,0,3.627463149,114.1351258,0,H0
0,0,1.7062828,0,2.91E-11,0,3.627463149,114.1351258,H8
0.854493792,0,0,1.7062828,0,2.91E-11,0,3.627463149,H4
0,0.854493792,0,0,1.7062828,0,2.91E-11,0,H1
26.51131022,0,0.854493792,0,0,1.7062828,0,2.91E-11,H8
0,26.51131022,0,0.854493792,0,0,1.7062828,0,H8
0,0,26.51131022,0,0.854493792,0,0,1.7062828,H0
0,0,0,26.51131022,0,0.854493792,0,0,H8
0,0,0,0,26.51131022,0,0.854493792,0,H0
0,0,0,0,0,26.51131022,0,0.854493792,H1
0,0,0,0,0,0,26.51131022,0,H0
0.256379271,0,0,0,0,0,0,26.51131022,H8
156.4697015,0.256379271,0,0,0,0,0,0,H4
2.91E-11,156.4697015,0.256379271,0,0,0,0,0,H8
0,2.91E-11,156.4697015,0.256379271,0,0,0,0,H0
0,0,2.91E-11,156.4697015,0.256379271,0,0,0,H1
0,0,0,2.91E-11,156.4697015,0.256379271,0,0,H0
0,0,0,0,2.91E-11,156.4697015,0.256379271,0,H8
7.064500278,0,0,0,0,2.91E-11,156.4697015,0.256379271,H4
1053.426532,7.064500278,0,0,0,0,2.91E-11,156.4697015,H8
0,1053.426532,7.064500278,0,0,0,0,2.91E-11,H1
0,0,1053.426532,7.064500278,0,0,0,0,H4
44.87412703,0,0,1053.426532,7.064500278,0,0,0,H8
0,44.87412703,0,0,1053.426532,7.064500278,0,0,H8
0,0,44.87412703,0,0,1053.426532,7.064500278,0,H0
48.68688821,0,0,44.87412703,0,0,1053.426532,7.064500278,H4
0,48.68688821,0,0,44.87412703,0,0,1053.426532,H9
0,0,48.68688821,0,0,44.87412703,0,0,H1
0,0,0,48.68688821,0,0,44.87412703,0,H0
0,0,0,0,48.68688821,0,0,44.87412703,H9
0,0,0,0,0,48.68688821,0,0,H1
0,0,0,0,0,0,48.68688821,0,H8
0,0,0,0,0,0,0,48.68688821,H0
1420.641217,0,0,0,0,0,0,0,H6
0,1420.641217,0,0,0,0,0,0,H9
0,0,1420.641217,0,0,0,0,0,H1
0,0,0,1420.641217,0,0,0,0,H9
0,0,0,0,1420.641217,0,0,0,H8
41.54101952,0,0,0,0,1420.641217,0,0,H8
1195.094566,41.54101952,0,0,0,0,1420.641217,0,H8
123.3952204,1195.094566,41.54101952,0,0,0,0,1420.641217,H8
0,123.3952204,1195.094566,41.54101952,0,0,0,0,H8
0,0,123.3952204,1195.094566,41.54101952,0,0,0,H1
0,0,0,123.3952204,1195.094566,41.54101952,0,0,H1
0,0,0,0,123.3952204,1195.094566,41.54101952,0,H0
0,0,0,0,0,123.3952204,1195.094566,41.54101952,H9
0,0,0,0,0,0,123.3952204,1195.094566,H4
744.9501311,0,0,0,0,0,0,123.3952204,H6
32.34533194,744.9501311,0,0,0,0,0,0,H6
0,32.34533194,744.9501311,0,0,0,0,0,H8
0,0,32.34533194,744.9501311,0,0,0,0,H9
0,0,0,32.34533194,744.9501311,0,0,0,H0
0,0,0,0,32.34533194,744.9501311,0,0,H8
0,0,0,0,0,32.34533194,744.9501311,0,H1
0,0,0,0,0,0,32.34533194,744.9501311,H1
0,0,0,0,0,0,0,32.34533194,H4
0,0,0,0,0,0,0,0,H9
0,0,0,0,0,0,0,0,H4
65.70771933,0,0,0,0,0,0,0,H8
0,65.70771933,0,0,0,0,0,0,H9
54.77317528,0,65.70771933,0,0,0,0,0,H8
0,54.77317528,0,65.70771933,0,0,0,0,H0
0,0,54.77317528,0,65.70771933,0,0,0,H1
92.15739678,0,0,54.77317528,0,65.70771933,0,0,H8
0,92.15739678,0,0,54.77317528,0,65.70771933,0,H0
0,0,92.15739678,0,0,54.77317528,0,65.70771933,H8
8.47869749,0,0,92.15739678,0,0,54.77317528,0,H8
0,8.47869749,0,0,92.15739678,0,0,54.77317528,H4
6.630484365,0,8.47869749,0,0,92.15739678,0,0,H8
0,6.630484365,0,8.47869749,0,0,92.15739678,0,H1
0,0,6.630484365,0,8.47869749,0,0,92.15739678,H8
318.1704204,0,0,6.630484365,0,8.47869749,0,0,H8
16.86476496,318.1704204,0,0,6.630484365,0,8.47869749,0,H8
0,16.86476496,318.1704204,0,0,6.630484365,0,8.47869749,H1
0,0,16.86476496,318.1704204,0,0,6.630484365,0,H8
0.56959572,0,0,16.86476496,318.1704204,0,0,6.630484365,H8
0,0.56959572,0,0,16.86476496,318.1704204,0,0,H8
0,0,0.56959572,0,0,16.86476496,318.1704204,0,H1
22.01086221,0,0,0.56959572,0,0,16.86476496,318.1704204,H8
0,22.01086221,0,0,0.56959572,0,0,16.86476496,H8
0,0,22.01086221,0,0,0.56959572,0,0,H1
43.73235615,0,0,22.01086221,0,0,0.56959572,0,H8
0,43.73235615,0,0,22.01086221,0,0,0.56959572,H1
0,0,43.73235615,0,0,22.01086221,0,0,H0
1.174855326,0,0,43.73235615,0,0,22.01086221,0,H8
4.343118249,1.174855326,0,0,43.73235615,0,0,22.01086221,H8
18.09067098,4.343118249,1.174855326,0,0,43.73235615,0,0,H4
0,18.09067098,4.343118249,1.174855326,0,0,43.73235615,0,H0
1.639477208,0,18.09067098,4.343118249,1.174855326,0,0,43.73235615,H8
0,1.639477208,0,18.09067098,4.343118249,1.174855326,0,0,H8
50.2466625,0,1.639477208,0,18.09067098,4.343118249,1.174855326,0,H8
2.91E-11,50.2466625,0,1.639477208,0,18.09067098,4.343118249,1.174855326,H8
20.88567181,2.91E-11,50.2466625,0,1.639477208,0,18.09067098,4.343118249,H8
0,20.88567181,2.91E-11,50.2466625,0,1.639477208,0,18.09067098,H0
7.222894454,0,20.88567181,2.91E-11,50.2466625,0,1.639477208,0,H4
0,7.222894454,0,20.88567181,2.91E-11,50.2466625,0,1.639477208,H0
0,0,7.222894454,0,20.88567181,2.91E-11,50.2466625,0,H8
0,0,0,7.222894454,0,20.88567181,2.91E-11,50.2466625,H1
0,0,0,0,7.222894454,0,20.88567181,2.91E-11,H1
0,0,0,0,0,7.222894454,0,20.88567181,H0
0,0,0,0,0,0,7.222894454,0,H4
0,0,0,0,0,0,0,7.222894454,H4
42.77762882,0,0,0,0,0,0,0,H8
0,42.77762882,0,0,0,0,0,0,H8
245.4884293,0,42.77762882,0,0,0,0,0,H8
0,245.4884293,0,42.77762882,0,0,0,0,H1
2.91E-11,0,245.4884293,0,42.77762882,0,0,0,H8
39.88899799,2.91E-11,0,245.4884293,0,42.77762882,0,0,H8
19.26458689,39.88899799,2.91E-11,0,245.4884293,0,42.77762882,0,H8
0.578769871,19.26458689,39.88899799,2.91E-11,0,245.4884293,0,42.77762882,H4
0,0.578769871,19.26458689,39.88899799,2.91E-11,0,245.4884293,0,H0
0,0,0.578769871,19.26458689,39.88899799,2.91E-11,0,245.4884293,H4
18.31621267,0,0,0.578769871,19.26458689,39.88899799,2.91E-11,0,H4
337.2089558,18.31621267,0,0,0.578769871,19.26458689,39.88899799,2.91E-11,H8
0,337.2089558,18.31621267,0,0,0.578769871,19.26458689,39.88899799,H1
186.9328008,0,337.2089558,18.31621267,0,0,0.578769871,19.26458689,H8
14.38159532,186.9328008,0,337.2089558,18.31621267,0,0,0.578769871,H4
0,14.38159532,186.9328008,0,337.2089558,18.31621267,0,0,H1
83.02973713,0,14.38159532,186.9328008,0,337.2089558,18.31621267,0,H8
0,83.02973713,0,14.38159532,186.9328008,0,337.2089558,18.31621267,H4
0,0,83.02973713,0,14.38159532,186.9328008,0,337.2089558,H4
184.9882056,0,0,83.02973713,0,14.38159532,186.9328008,0,H8
0,184.9882056,0,0,83.02973713,0,14.38159532,186.9328008,H0
83.50441856,0,184.9882056,0,0,83.02973713,0,14.38159532,H8
0,83.50441856,0,184.9882056,0,0,83.02973713,0,H1
0,0,83.50441856,0,184.9882056,0,0,83.02973713,H1
59.16361493,0,0,83.50441856,0,184.9882056,0,0,H8
0,59.16361493,0,0,83.50441856,0,184.9882056,0,H0
0,0,59.16361493,0,0,83.50441856,0,184.9882056,H9
1115.647466,0,0,59.16361493,0,0,83.50441856,0,H4
17.66356442,1115.647466,0,0,59.16361493,0,0,83.50441856,H8
0,17.66356442,1115.647466,0,0,59.16361493,0,0,H4
0,0,17.66356442,1115.647466,0,0,59.16361493,0,H4
0,0,0,17.66356442,1115.647466,0,0,59.16361493,H4
0,0,0,0,17.66356442,1115.647466,0,0,H8
76.34027206,0,0,0,0,17.66356442,1115.647466,0,H8
2.91E-11,76.34027206,0,0,0,0,17.66356442,1115.647466,H8
